<?xml version="1.0"?>
<ROWSET>
<ROW>
<first_name>James</first_name>
<last_name>Butt</last_name>
<city>New Orleans</city>
<county>Orleans</county>
<state>LA</state>
<zip>70116</zip>
</ROW>
<ROW>
<first_name>Josephine</first_name>
<last_name>Darakjy</last_name>
<city>Brighton</city>
<county>Livingston</county>
<state>MI</state>
<zip>48116</zip>
</ROW>
<ROW>
<first_name>Art</first_name>
<last_name>Venere</last_name>
<city>Bridgeport</city>
<county>Gloucester</county>
<state>NJ</state>
<zip>8014</zip>
</ROW>
<ROW>
<first_name>Lenna</first_name>
<last_name>Paprocki</last_name>
<city>Anchorage</city>
<county>Anchorage</county>
<state>AK</state>
<zip>99501</zip>
</ROW>
<ROW>
<first_name>Donette</first_name>
<last_name>Foller</last_name>
<city>Hamilton</city>
<county>Butler</county>
<state>OH</state>
<zip>45011</zip>
</ROW>
<ROW>
<first_name>Simona</first_name>
<last_name>Morasca</last_name>
<city>Ashland</city>
<county>Ashland</county>
<state>OH</state>
<zip>44805</zip>
</ROW>
<ROW>
<first_name>Mitsue</first_name>
<last_name>Tollner</last_name>
<city>Chicago</city>
<county>Cook</county>
<state>IL</state>
<zip>60632</zip>
</ROW>
<ROW>
<first_name>Leota</first_name>
<last_name>Dilliard</last_name>
<city>San Jose</city>
<county>Santa Clara</county>
<state>CA</state>
<zip>95111</zip>
</ROW>
<ROW>
<first_name>Sage</first_name>
<last_name>Wieser</last_name>
<city>Sioux Falls</city>
<county>Minnehaha</county>
<state>SD</state>
<zip>57105</zip>
</ROW>
<ROW>
<first_name>Kris</first_name>
<last_name>Marrier</last_name>
<city>Baltimore</city>
<county>Baltimore City</county>
<state>MD</state>
<zip>21224</zip>
</ROW>
<ROW>
<first_name>Minna</first_name>
<last_name>Amigon</last_name>
<city>Kulpsville</city>
<county>Montgomery</county>
<state>PA</state>
<zip>19443</zip>
</ROW>
<ROW>
<first_name>Abel</first_name>
<last_name>Maclead</last_name>
<city>Middle Island</city>
<county>Suffolk</county>
<state>NY</state>
<zip>11953</zip>
</ROW>
<ROW>
<first_name>Kiley</first_name>
<last_name>Caldarera</last_name>
<city>Los Angeles</city>
<county>Los Angeles</county>
<state>CA</state>
<zip>90034</zip>
</ROW>
<ROW>
<first_name>Graciela</first_name>
<last_name>Ruta</last_name>
<city>Chagrin Falls</city>
<county>Geauga</county>
<state>OH</state>
<zip>44023</zip>
</ROW>
<ROW>
<first_name>Cammy</first_name>
<last_name>Albares</last_name>
<city>Laredo</city>
<county>Webb</county>
<state>TX</state>
<zip>78045</zip>
</ROW>
<ROW>
<first_name>Mattie</first_name>
<last_name>Poquette</last_name>
<city>Phoenix</city>
<county>Maricopa</county>
<state>AZ</state>
<zip>85013</zip>
</ROW>
<ROW>
<first_name>Meaghan</first_name>
<last_name>Garufi</last_name>
<city>Mc Minnville</city>
<county>Warren</county>
<state>TN</state>
<zip>37110</zip>
</ROW>
<ROW>
<first_name>Gladys</first_name>
<last_name>Rim</last_name>
<city>Milwaukee</city>
<county>Milwaukee</county>
<state>WI</state>
<zip>53207</zip>
</ROW>
<ROW>
<first_name>Yuki</first_name>
<last_name>Whobrey</last_name>
<city>Taylor</city>
<county>Wayne</county>
<state>MI</state>
<zip>48180</zip>
</ROW>
<ROW>
<first_name>Fletcher</first_name>
<last_name>Flosi</last_name>
<city>Rockford</city>
<county>Winnebago</county>
<state>IL</state>
<zip>61109</zip>
</ROW>
<ROW>
<first_name>Bette</first_name>
<last_name>Nicka</last_name>
<city>Aston</city>
<county>Delaware</county>
<state>PA</state>
<zip>19014</zip>
</ROW>
<ROW>
<first_name>Veronika</first_name>
<last_name>Inouye</last_name>
<city>San Jose</city>
<county>Santa Clara</county>
<state>CA</state>
<zip>95111</zip>
</ROW>
<ROW>
<first_name>Willard</first_name>
<last_name>Kolmetz</last_name>
<city>Irving</city>
<county>Dallas</county>
<state>TX</state>
<zip>75062</zip>
</ROW>
<ROW>
<first_name>Maryann</first_name>
<last_name>Royster</last_name>
<city>Albany</city>
<county>Albany</county>
<state>NY</state>
<zip>12204</zip>
</ROW>
<ROW>
<first_name>Alisha</first_name>
<last_name>Slusarski</last_name>
<city>Middlesex</city>
<county>Middlesex</county>
<state>NJ</state>
<zip>8846</zip>
</ROW>
<ROW>
<first_name>Allene</first_name>
<last_name>Iturbide</last_name>
<city>Stevens Point</city>
<county>Portage</county>
<state>WI</state>
<zip>54481</zip>
</ROW>
<ROW>
<first_name>Chanel</first_name>
<last_name>Caudy</last_name>
<city>Shawnee</city>
<county>Johnson</county>
<state>KS</state>
<zip>66218</zip>
</ROW>
<ROW>
<first_name>Ezekiel</first_name>
<last_name>Chui</last_name>
<city>Easton</city>
<county>Talbot</county>
<state>MD</state>
<zip>21601</zip>
</ROW>
<ROW>
<first_name>Willow</first_name>
<last_name>Kusko</last_name>
<city>New York</city>
<county>New York</county>
<state>NY</state>
<zip>10011</zip>
</ROW>
<ROW>
<first_name>Bernardo</first_name>
<last_name>Figeroa</last_name>
<city>Conroe</city>
<county>Montgomery</county>
<state>TX</state>
<zip>77301</zip>
</ROW>
<ROW>
<first_name>Ammie</first_name>
<last_name>Corrio</last_name>
<city>Columbus</city>
<county>Franklin</county>
<state>OH</state>
<zip>43215</zip>
</ROW>
<ROW>
<first_name>Francine</first_name>
<last_name>Vocelka</last_name>
<city>Las Cruces</city>
<county>Dona Ana</county>
<state>NM</state>
<zip>88011</zip>
</ROW>
<ROW>
<first_name>Ernie</first_name>
<last_name>Stenseth</last_name>
<city>Ridgefield Park</city>
<county>Bergen</county>
<state>NJ</state>
<zip>7660</zip>
</ROW>
<ROW>
<first_name>Albina</first_name>
<last_name>Glick</last_name>
<city>Dunellen</city>
<county>Middlesex</county>
<state>NJ</state>
<zip>8812</zip>
</ROW>
<ROW>
<first_name>Alishia</first_name>
<last_name>Sergi</last_name>
<city>New York</city>
<county>New York</county>
<state>NY</state>
<zip>10025</zip>
</ROW>
<ROW>
<first_name>Solange</first_name>
<last_name>Shinko</last_name>
<city>Metairie</city>
<county>Jefferson</county>
<state>LA</state>
<zip>70002</zip>
</ROW>
<ROW>
<first_name>Jose</first_name>
<last_name>Stockham</last_name>
<city>New York</city>
<county>New York</county>
<state>NY</state>
<zip>10011</zip>
</ROW>
<ROW>
<first_name>Rozella</first_name>
<last_name>Ostrosky</last_name>
<city>Camarillo</city>
<county>Ventura</county>
<state>CA</state>
<zip>93012</zip>
</ROW>
<ROW>
<first_name>Valentine</first_name>
<last_name>Gillian</last_name>
<city>San Antonio</city>
<county>Bexar</county>
<state>TX</state>
<zip>78204</zip>
</ROW>
<ROW>
<first_name>Kati</first_name>
<last_name>Rulapaugh</last_name>
<city>Abilene</city>
<county>Dickinson</county>
<state>KS</state>
<zip>67410</zip>
</ROW>
<ROW>
<first_name>Youlanda</first_name>
<last_name>Schemmer</last_name>
<city>Prineville</city>
<county>Crook</county>
<state>OR</state>
<zip>97754</zip>
</ROW>
<ROW>
<first_name>Dyan</first_name>
<last_name>Oldroyd</last_name>
<city>Overland Park</city>
<county>Johnson</county>
<state>KS</state>
<zip>66204</zip>
</ROW>
<ROW>
<first_name>Roxane</first_name>
<last_name>Campain</last_name>
<city>Fairbanks</city>
<county>Fairbanks North Star</county>
<state>AK</state>
<zip>99708</zip>
</ROW>
<ROW>
<first_name>Lavera</first_name>
<last_name>Perin</last_name>
<city>Miami</city>
<county>Miami-Dade</county>
<state>FL</state>
<zip>33196</zip>
</ROW>
<ROW>
<first_name>Erick</first_name>
<last_name>Ferencz</last_name>
<city>Fairbanks</city>
<county>Fairbanks North Star</county>
<state>AK</state>
<zip>99712</zip>
</ROW>
<ROW>
<first_name>Fatima</first_name>
<last_name>Saylors</last_name>
<city>Hopkins</city>
<county>Hennepin</county>
<state>MN</state>
<zip>55343</zip>
</ROW>
<ROW>
<first_name>Jina</first_name>
<last_name>Briddick</last_name>
<city>Boston</city>
<county>Suffolk</county>
<state>MA</state>
<zip>2128</zip>
</ROW>
<ROW>
<first_name>Kanisha</first_name>
<last_name>Waycott</last_name>
<city>Los Angeles</city>
<county>Los Angeles</county>
<state>CA</state>
<zip>90006</zip>
</ROW>
<ROW>
<first_name>Emerson</first_name>
<last_name>Bowley</last_name>
<city>Madison</city>
<county>Dane</county>
<state>WI</state>
<zip>53711</zip>
</ROW>
<ROW>
<first_name>Blair</first_name>
<last_name>Malet</last_name>
<city>Philadelphia</city>
<county>Philadelphia</county>
<state>PA</state>
<zip>19132</zip>
</ROW>
<ROW>
<first_name>Brock</first_name>
<last_name>Bolognia</last_name>
<city>New York</city>
<county>New York</county>
<state>NY</state>
<zip>10003</zip>
</ROW>
<ROW>
<first_name>Lorrie</first_name>
<last_name>Nestle</last_name>
<city>Tullahoma</city>
<county>Coffee</county>
<state>TN</state>
<zip>37388</zip>
</ROW>
<ROW>
<first_name>Sabra</first_name>
<last_name>Uyetake</last_name>
<city>Columbia</city>
<county>Richland</county>
<state>SC</state>
<zip>29201</zip>
</ROW>
<ROW>
<first_name>Marjory</first_name>
<last_name>Mastella</last_name>
<city>Wayne</city>
<county>Delaware</county>
<state>PA</state>
<zip>19087</zip>
</ROW>
<ROW>
<first_name>Karl</first_name>
<last_name>Klonowski</last_name>
<city>Flemington</city>
<county>Hunterdon</county>
<state>NJ</state>
<zip>8822</zip>
</ROW>
<ROW>
<first_name>Tonette</first_name>
<last_name>Wenner</last_name>
<city>Westbury</city>
<county>Nassau</county>
<state>NY</state>
<zip>11590</zip>
</ROW>
<ROW>
<first_name>Amber</first_name>
<last_name>Monarrez</last_name>
<city>Jenkintown</city>
<county>Montgomery</county>
<state>PA</state>
<zip>19046</zip>
</ROW>
<ROW>
<first_name>Shenika</first_name>
<last_name>Seewald</last_name>
<city>Van Nuys</city>
<county>Los Angeles</county>
<state>CA</state>
<zip>91405</zip>
</ROW>
<ROW>
<first_name>Delmy</first_name>
<last_name>Ahle</last_name>
<city>Providence</city>
<county>Providence</county>
<state>RI</state>
<zip>2909</zip>
</ROW>
<ROW>
<first_name>Deeanna</first_name>
<last_name>Juhas</last_name>
<city>Huntingdon Valley</city>
<county>Montgomery</county>
<state>PA</state>
<zip>19006</zip>
</ROW>
<ROW>
<first_name>Blondell</first_name>
<last_name>Pugh</last_name>
<city>Providence</city>
<county>Providence</county>
<state>RI</state>
<zip>2904</zip>
</ROW>
<ROW>
<first_name>Jamal</first_name>
<last_name>Vanausdal</last_name>
<city>Monroe Township</city>
<county>Middlesex</county>
<state>NJ</state>
<zip>8831</zip>
</ROW>
<ROW>
<first_name>Cecily</first_name>
<last_name>Hollack</last_name>
<city>Austin</city>
<county>Travis</county>
<state>TX</state>
<zip>78731</zip>
</ROW>
<ROW>
<first_name>Carmelina</first_name>
<last_name>Lindall</last_name>
<city>Littleton</city>
<county>Douglas</county>
<state>CO</state>
<zip>80126</zip>
</ROW>
<ROW>
<first_name>Maurine</first_name>
<last_name>Yglesias</last_name>
<city>Milwaukee</city>
<county>Milwaukee</county>
<state>WI</state>
<zip>53214</zip>
</ROW>
<ROW>
<first_name>Tawna</first_name>
<last_name>Buvens</last_name>
<city>New York</city>
<county>New York</county>
<state>NY</state>
<zip>10009</zip>
</ROW>
<ROW>
<first_name>Penney</first_name>
<last_name>Weight</last_name>
<city>Anchorage</city>
<county>Anchorage</county>
<state>AK</state>
<zip>99515</zip>
</ROW>
<ROW>
<first_name>Elly</first_name>
<last_name>Morocco</last_name>
<city>Erie</city>
<county>Erie</county>
<state>PA</state>
<zip>16502</zip>
</ROW>
<ROW>
<first_name>Ilene</first_name>
<last_name>Eroman</last_name>
<city>Glen Burnie</city>
<county>Anne Arundel</county>
<state>MD</state>
<zip>21061</zip>
</ROW>
<ROW>
<first_name>Vallie</first_name>
<last_name>Mondella</last_name>
<city>Boise</city>
<county>Ada</county>
<state>ID</state>
<zip>83707</zip>
</ROW>
<ROW>
<first_name>Kallie</first_name>
<last_name>Blackwood</last_name>
<city>San Francisco</city>
<county>San Francisco</county>
<state>CA</state>
<zip>94104</zip>
</ROW>
<ROW>
<first_name>Johnetta</first_name>
<last_name>Abdallah</last_name>
<city>Chapel Hill</city>
<county>Orange</county>
<state>NC</state>
<zip>27514</zip>
</ROW>
<ROW>
<first_name>Bobbye</first_name>
<last_name>Rhym</last_name>
<city>San Carlos</city>
<county>San Mateo</county>
<state>CA</state>
<zip>94070</zip>
</ROW>
<ROW>
<first_name>Micaela</first_name>
<last_name>Rhymes</last_name>
<city>Concord</city>
<county>Contra Costa</county>
<state>CA</state>
<zip>94520</zip>
</ROW>
<ROW>
<first_name>Tamar</first_name>
<last_name>Hoogland</last_name>
<city>London</city>
<county>Madison</county>
<state>OH</state>
<zip>43140</zip>
</ROW>
<ROW>
<first_name>Moon</first_name>
<last_name>Parlato</last_name>
<city>Wellsville</city>
<county>Allegany</county>
<state>NY</state>
<zip>14895</zip>
</ROW>
<ROW>
<first_name>Laurel</first_name>
<last_name>Reitler</last_name>
<city>Baltimore</city>
<county>Baltimore City</county>
<state>MD</state>
<zip>21215</zip>
</ROW>
<ROW>
<first_name>Delisa</first_name>
<last_name>Crupi</last_name>
<city>Newark</city>
<county>Essex</county>
<state>NJ</state>
<zip>7105</zip>
</ROW>
<ROW>
<first_name>Viva</first_name>
<last_name>Toelkes</last_name>
<city>Chicago</city>
<county>Cook</county>
<state>IL</state>
<zip>60647</zip>
</ROW>
<ROW>
<first_name>Elza</first_name>
<last_name>Lipke</last_name>
<city>Newark</city>
<county>Essex</county>
<state>NJ</state>
<zip>7104</zip>
</ROW>
<ROW>
<first_name>Devorah</first_name>
<last_name>Chickering</last_name>
<city>Clovis</city>
<county>Curry</county>
<state>NM</state>
<zip>88101</zip>
</ROW>
<ROW>
<first_name>Timothy</first_name>
<last_name>Mulqueen</last_name>
<city>Staten Island</city>
<county>Richmond</county>
<state>NY</state>
<zip>10309</zip>
</ROW>
<ROW>
<first_name>Arlette</first_name>
<last_name>Honeywell</last_name>
<city>Jacksonville</city>
<county>Duval</county>
<state>FL</state>
<zip>32254</zip>
</ROW>
<ROW>
<first_name>Dominque</first_name>
<last_name>Dickerson</last_name>
<city>Hayward</city>
<county>Alameda</county>
<state>CA</state>
<zip>94545</zip>
</ROW>
<ROW>
<first_name>Lettie</first_name>
<last_name>Isenhower</last_name>
<city>Beachwood</city>
<county>Cuyahoga</county>
<state>OH</state>
<zip>44122</zip>
</ROW>
<ROW>
<first_name>Myra</first_name>
<last_name>Munns</last_name>
<city>Euless</city>
<county>Tarrant</county>
<state>TX</state>
<zip>76040</zip>
</ROW>
<ROW>
<first_name>Stephaine</first_name>
<last_name>Barfield</last_name>
<city>Gardena</city>
<county>Los Angeles</county>
<state>CA</state>
<zip>90247</zip>
</ROW>
<ROW>
<first_name>Lai</first_name>
<last_name>Gato</last_name>
<city>Evanston</city>
<county>Cook</county>
<state>IL</state>
<zip>60201</zip>
</ROW>
<ROW>
<first_name>Stephen</first_name>
<last_name>Emigh</last_name>
<city>Akron</city>
<county>Summit</county>
<state>OH</state>
<zip>44302</zip>
</ROW>
<ROW>
<first_name>Tyra</first_name>
<last_name>Shields</last_name>
<city>Philadelphia</city>
<county>Philadelphia</county>
<state>PA</state>
<zip>19106</zip>
</ROW>
<ROW>
<first_name>Tammara</first_name>
<last_name>Wardrip</last_name>
<city>Burlingame</city>
<county>San Mateo</county>
<state>CA</state>
<zip>94010</zip>
</ROW>
<ROW>
<first_name>Cory</first_name>
<last_name>Gibes</last_name>
<city>San Gabriel</city>
<county>Los Angeles</county>
<state>CA</state>
<zip>91776</zip>
</ROW>
<ROW>
<first_name>Danica</first_name>
<last_name>Bruschke</last_name>
<city>Waco</city>
<county>McLennan</county>
<state>TX</state>
<zip>76708</zip>
</ROW>
<ROW>
<first_name>Wilda</first_name>
<last_name>Giguere</last_name>
<city>Anchorage</city>
<county>Anchorage</county>
<state>AK</state>
<zip>99501</zip>
</ROW>
<ROW>
<first_name>Elvera</first_name>
<last_name>Benimadho</last_name>
<city>San Jose</city>
<county>Santa Clara</county>
<state>CA</state>
<zip>95110</zip>
</ROW>
<ROW>
<first_name>Carma</first_name>
<last_name>Vanheusen</last_name>
<city>San Leandro</city>
<county>Alameda</county>
<state>CA</state>
<zip>94577</zip>
</ROW>
<ROW>
<first_name>Malinda</first_name>
<last_name>Hochard</last_name>
<city>Indianapolis</city>
<county>Marion</county>
<state>IN</state>
<zip>46202</zip>
</ROW>
<ROW>
<first_name>Natalie</first_name>
<last_name>Fern</last_name>
<city>Rock Springs</city>
<county>Sweetwater</county>
<state>WY</state>
<zip>82901</zip>
</ROW>
<ROW>
<first_name>Lisha</first_name>
<last_name>Centini</last_name>
<city>Mc Lean</city>
<county>Fairfax</county>
<state>VA</state>
<zip>22102</zip>
</ROW>
<ROW>
<first_name>Arlene</first_name>
<last_name>Klusman</last_name>
<city>New Orleans</city>
<county>Orleans</county>
<state>LA</state>
<zip>70112</zip>
</ROW>
<ROW>
<first_name>Alease</first_name>
<last_name>Buemi</last_name>
<city>Boulder</city>
<county>Boulder</county>
<state>CO</state>
<zip>80303</zip>
</ROW>
<ROW>
<first_name>Louisa</first_name>
<last_name>Cronauer</last_name>
<city>San Leandro</city>
<county>Alameda</county>
<state>CA</state>
<zip>94577</zip>
</ROW>
<ROW>
<first_name>Angella</first_name>
<last_name>Cetta</last_name>
<city>Honolulu</city>
<county>Honolulu</county>
<state>HI</state>
<zip>96817</zip>
</ROW>
<ROW>
<first_name>Cyndy</first_name>
<last_name>Goldammer</last_name>
<city>Burnsville</city>
<county>Dakota</county>
<state>MN</state>
<zip>55337</zip>
</ROW>
<ROW>
<first_name>Rosio</first_name>
<last_name>Cork</last_name>
<city>High Point</city>
<county>Guilford</county>
<state>NC</state>
<zip>27263</zip>
</ROW>
<ROW>
<first_name>Celeste</first_name>
<last_name>Korando</last_name>
<city>Lynbrook</city>
<county>Nassau</county>
<state>NY</state>
<zip>11563</zip>
</ROW>
<ROW>
<first_name>Twana</first_name>
<last_name>Felger</last_name>
<city>Portland</city>
<county>Washington</county>
<state>OR</state>
<zip>97224</zip>
</ROW>
<ROW>
<first_name>Estrella</first_name>
<last_name>Samu</last_name>
<city>Beloit</city>
<county>Rock</county>
<state>WI</state>
<zip>53511</zip>
</ROW>
<ROW>
<first_name>Donte</first_name>
<last_name>Kines</last_name>
<city>Worcester</city>
<county>Worcester</county>
<state>MA</state>
<zip>1602</zip>
</ROW>
<ROW>
<first_name>Tiffiny</first_name>
<last_name>Steffensmeier</last_name>
<city>Miami</city>
<county>Miami-Dade</county>
<state>FL</state>
<zip>33133</zip>
</ROW>
<ROW>
<first_name>Edna</first_name>
<last_name>Miceli</last_name>
<city>Erie</city>
<county>Erie</county>
<state>PA</state>
<zip>16502</zip>
</ROW>
<ROW>
<first_name>Sue</first_name>
<last_name>Kownacki</last_name>
<city>Mesquite</city>
<county>Dallas</county>
<state>TX</state>
<zip>75149</zip>
</ROW>
<ROW>
<first_name>Jesusa</first_name>
<last_name>Shin</last_name>
<city>Tullahoma</city>
<county>Coffee</county>
<state>TN</state>
<zip>37388</zip>
</ROW>
<ROW>
<first_name>Rolland</first_name>
<last_name>Francescon</last_name>
<city>Paterson</city>
<county>Passaic</county>
<state>NJ</state>
<zip>7501</zip>
</ROW>
<ROW>
<first_name>Pamella</first_name>
<last_name>Schmierer</last_name>
<city>Homestead</city>
<county>Miami-Dade</county>
<state>FL</state>
<zip>33030</zip>
</ROW>
<ROW>
<first_name>Glory</first_name>
<last_name>Kulzer</last_name>
<city>Owings Mills</city>
<county>Baltimore</county>
<state>MD</state>
<zip>21117</zip>
</ROW>
<ROW>
<first_name>Shawna</first_name>
<last_name>Palaspas</last_name>
<city>Thousand Oaks</city>
<county>Ventura</county>
<state>CA</state>
<zip>91362</zip>
</ROW>
<ROW>
<first_name>Brandon</first_name>
<last_name>Callaro</last_name>
<city>Honolulu</city>
<county>Honolulu</county>
<state>HI</state>
<zip>96819</zip>
</ROW>
<ROW>
<first_name>Scarlet</first_name>
<last_name>Cartan</last_name>
<city>Albany</city>
<county>Dougherty</county>
<state>GA</state>
<zip>31701</zip>
</ROW>
<ROW>
<first_name>Oretha</first_name>
<last_name>Menter</last_name>
<city>Boston</city>
<county>Suffolk</county>
<state>MA</state>
<zip>2210</zip>
</ROW>
<ROW>
<first_name>Ty</first_name>
<last_name>Smith</last_name>
<city>Hackensack</city>
<county>Bergen</county>
<state>NJ</state>
<zip>7601</zip>
</ROW>
<ROW>
<first_name>Xuan</first_name>
<last_name>Rochin</last_name>
<city>San Mateo</city>
<county>San Mateo</county>
<state>CA</state>
<zip>94403</zip>
</ROW>
<ROW>
<first_name>Lindsey</first_name>
<last_name>Dilello</last_name>
<city>Ontario</city>
<county>San Bernardino</county>
<state>CA</state>
<zip>91761</zip>
</ROW>
<ROW>
<first_name>Devora</first_name>
<last_name>Perez</last_name>
<city>Oakland</city>
<county>Alameda</county>
<state>CA</state>
<zip>94606</zip>
</ROW>
<ROW>
<first_name>Herman</first_name>
<last_name>Demesa</last_name>
<city>Troy</city>
<county>Rensselaer</county>
<state>NY</state>
<zip>12180</zip>
</ROW>
<ROW>
<first_name>Rory</first_name>
<last_name>Papasergi</last_name>
<city>Clarks Summit</city>
<county>Lackawanna</county>
<state>PA</state>
<zip>18411</zip>
</ROW>
<ROW>
<first_name>Talia</first_name>
<last_name>Riopelle</last_name>
<city>Orange</city>
<county>Essex</county>
<state>NJ</state>
<zip>7050</zip>
</ROW>
<ROW>
<first_name>Van</first_name>
<last_name>Shire</last_name>
<city>Pittstown</city>
<county>Hunterdon</county>
<state>NJ</state>
<zip>8867</zip>
</ROW>
<ROW>
<first_name>Lucina</first_name>
<last_name>Lary</last_name>
<city>Cocoa</city>
<county>Brevard</county>
<state>FL</state>
<zip>32922</zip>
</ROW>
<ROW>
<first_name>Bok</first_name>
<last_name>Isaacs</last_name>
<city>Bronx</city>
<county>Bronx</county>
<state>NY</state>
<zip>10468</zip>
</ROW>
<ROW>
<first_name>Rolande</first_name>
<last_name>Spickerman</last_name>
<city>Pearl City</city>
<county>Honolulu</county>
<state>HI</state>
<zip>96782</zip>
</ROW>
<ROW>
<first_name>Howard</first_name>
<last_name>Paulas</last_name>
<city>Denver</city>
<county>Denver</county>
<state>CO</state>
<zip>80231</zip>
</ROW>
<ROW>
<first_name>Kimbery</first_name>
<last_name>Madarang</last_name>
<city>Rockaway</city>
<county>Morris</county>
<state>NJ</state>
<zip>7866</zip>
</ROW>
<ROW>
<first_name>Thurman</first_name>
<last_name>Manno</last_name>
<city>Absecon</city>
<county>Atlantic</county>
<state>NJ</state>
<zip>8201</zip>
</ROW>
<ROW>
<first_name>Becky</first_name>
<last_name>Mirafuentes</last_name>
<city>Plainfield</city>
<county>Union</county>
<state>NJ</state>
<zip>7062</zip>
</ROW>
<ROW>
<first_name>Beatriz</first_name>
<last_name>Corrington</last_name>
<city>Middleboro</city>
<county>Plymouth</county>
<state>MA</state>
<zip>2346</zip>
</ROW>
<ROW>
<first_name>Marti</first_name>
<last_name>Maybury</last_name>
<city>Chicago</city>
<county>Cook</county>
<state>IL</state>
<zip>60638</zip>
</ROW>
<ROW>
<first_name>Nieves</first_name>
<last_name>Gotter</last_name>
<city>Portland</city>
<county>Multnomah</county>
<state>OR</state>
<zip>97202</zip>
</ROW>
<ROW>
<first_name>Leatha</first_name>
<last_name>Hagele</last_name>
<city>Dallas</city>
<county>Dallas</county>
<state>TX</state>
<zip>75227</zip>
</ROW>
<ROW>
<first_name>Valentin</first_name>
<last_name>Klimek</last_name>
<city>Chicago</city>
<county>Cook</county>
<state>IL</state>
<zip>60604</zip>
</ROW>
<ROW>
<first_name>Melissa</first_name>
<last_name>Wiklund</last_name>
<city>Findlay</city>
<county>Hancock</county>
<state>OH</state>
<zip>45840</zip>
</ROW>
<ROW>
<first_name>Sheridan</first_name>
<last_name>Zane</last_name>
<city>Riverside</city>
<county>Riverside</county>
<state>CA</state>
<zip>92501</zip>
</ROW>
<ROW>
<first_name>Bulah</first_name>
<last_name>Padilla</last_name>
<city>Waco</city>
<county>McLennan</county>
<state>TX</state>
<zip>76707</zip>
</ROW>
<ROW>
<first_name>Audra</first_name>
<last_name>Kohnert</last_name>
<city>Nashville</city>
<county>Davidson</county>
<state>TN</state>
<zip>37211</zip>
</ROW>
<ROW>
<first_name>Daren</first_name>
<last_name>Weirather</last_name>
<city>Milwaukee</city>
<county>Milwaukee</county>
<state>WI</state>
<zip>53216</zip>
</ROW>
<ROW>
<first_name>Fernanda</first_name>
<last_name>Jillson</last_name>
<city>Preston</city>
<county>Caroline</county>
<state>MD</state>
<zip>21655</zip>
</ROW>
<ROW>
<first_name>Gearldine</first_name>
<last_name>Gellinger</last_name>
<city>Irving</city>
<county>Dallas</county>
<state>TX</state>
<zip>75061</zip>
</ROW>
<ROW>
<first_name>Chau</first_name>
<last_name>Kitzman</last_name>
<city>Beverly Hills</city>
<county>Los Angeles</county>
<state>CA</state>
<zip>90212</zip>
</ROW>
<ROW>
<first_name>Theola</first_name>
<last_name>Frey</last_name>
<city>Massapequa</city>
<county>Nassau</county>
<state>NY</state>
<zip>11758</zip>
</ROW>
<ROW>
<first_name>Cheryl</first_name>
<last_name>Haroldson</last_name>
<city>Atlantic City</city>
<county>Atlantic</county>
<state>NJ</state>
<zip>8401</zip>
</ROW>
<ROW>
<first_name>Laticia</first_name>
<last_name>Merced</last_name>
<city>Cincinnati</city>
<county>Hamilton</county>
<state>OH</state>
<zip>45203</zip>
</ROW>
<ROW>
<first_name>Carissa</first_name>
<last_name>Batman</last_name>
<city>Eugene</city>
<county>Lane</county>
<state>OR</state>
<zip>97401</zip>
</ROW>
<ROW>
<first_name>Lezlie</first_name>
<last_name>Craghead</last_name>
<city>Smithfield</city>
<county>Johnston</county>
<state>NC</state>
<zip>27577</zip>
</ROW>
<ROW>
<first_name>Ozell</first_name>
<last_name>Shealy</last_name>
<city>New York</city>
<county>New York</county>
<state>NY</state>
<zip>10002</zip>
</ROW>
<ROW>
<first_name>Arminda</first_name>
<last_name>Parvis</last_name>
<city>Phoenix</city>
<county>Maricopa</county>
<state>AZ</state>
<zip>85017</zip>
</ROW>
<ROW>
<first_name>Reita</first_name>
<last_name>Leto</last_name>
<city>Indianapolis</city>
<county>Marion</county>
<state>IN</state>
<zip>46240</zip>
</ROW>
<ROW>
<first_name>Yolando</first_name>
<last_name>Luczki</last_name>
<city>Syracuse</city>
<county>Onondaga</county>
<state>NY</state>
<zip>13214</zip>
</ROW>
<ROW>
<first_name>Lizette</first_name>
<last_name>Stem</last_name>
<city>Cherry Hill</city>
<county>Camden</county>
<state>NJ</state>
<zip>8002</zip>
</ROW>
<ROW>
<first_name>Gregoria</first_name>
<last_name>Pawlowicz</last_name>
<city>Garden City</city>
<county>Nassau</county>
<state>NY</state>
<zip>11530</zip>
</ROW>
<ROW>
<first_name>Carin</first_name>
<last_name>Deleo</last_name>
<city>Little Rock</city>
<county>Pulaski</county>
<state>AR</state>
<zip>72202</zip>
</ROW>
<ROW>
<first_name>Chantell</first_name>
<last_name>Maynerich</last_name>
<city>Saint Paul</city>
<county>Ramsey</county>
<state>MN</state>
<zip>55101</zip>
</ROW>
<ROW>
<first_name>Dierdre</first_name>
<last_name>Yum</last_name>
<city>Philadelphia</city>
<county>Philadelphia</county>
<state>PA</state>
<zip>19134</zip>
</ROW>
<ROW>
<first_name>Larae</first_name>
<last_name>Gudroe</last_name>
<city>Houma</city>
<county>Terrebonne</county>
<state>LA</state>
<zip>70360</zip>
</ROW>
<ROW>
<first_name>Latrice</first_name>
<last_name>Tolfree</last_name>
<city>Ronkonkoma</city>
<county>Suffolk</county>
<state>NY</state>
<zip>11779</zip>
</ROW>
<ROW>
<first_name>Kerry</first_name>
<last_name>Theodorov</last_name>
<city>Sacramento</city>
<county>Sacramento</county>
<state>CA</state>
<zip>95827</zip>
</ROW>
<ROW>
<first_name>Dorthy</first_name>
<last_name>Hidvegi</last_name>
<city>Boise</city>
<county>Ada</county>
<state>ID</state>
<zip>83704</zip>
</ROW>
<ROW>
<first_name>Fannie</first_name>
<last_name>Lungren</last_name>
<city>Round Rock</city>
<county>Williamson</county>
<state>TX</state>
<zip>78664</zip>
</ROW>
<ROW>
<first_name>Evangelina</first_name>
<last_name>Radde</last_name>
<city>Philadelphia</city>
<county>Philadelphia</county>
<state>PA</state>
<zip>19123</zip>
</ROW>
<ROW>
<first_name>Novella</first_name>
<last_name>Degroot</last_name>
<city>Hilo</city>
<county>Hawaii</county>
<state>HI</state>
<zip>96720</zip>
</ROW>
<ROW>
<first_name>Clay</first_name>
<last_name>Hoa</last_name>
<city>Reno</city>
<county>Washoe</county>
<state>NV</state>
<zip>89502</zip>
</ROW>
<ROW>
<first_name>Jennifer</first_name>
<last_name>Fallick</last_name>
<city>Wheeling</city>
<county>Cook</county>
<state>IL</state>
<zip>60090</zip>
</ROW>
<ROW>
<first_name>Irma</first_name>
<last_name>Wolfgramm</last_name>
<city>Randolph</city>
<county>Morris</county>
<state>NJ</state>
<zip>7869</zip>
</ROW>
<ROW>
<first_name>Eun</first_name>
<last_name>Coody</last_name>
<city>Spartanburg</city>
<county>Spartanburg</county>
<state>SC</state>
<zip>29301</zip>
</ROW>
<ROW>
<first_name>Sylvia</first_name>
<last_name>Cousey</last_name>
<city>Hampstead</city>
<county>Carroll</county>
<state>MD</state>
<zip>21074</zip>
</ROW>
<ROW>
<first_name>Nana</first_name>
<last_name>Wrinkles</last_name>
<city>Mount Vernon</city>
<county>Westchester</county>
<state>NY</state>
<zip>10553</zip>
</ROW>
<ROW>
<first_name>Layla</first_name>
<last_name>Springe</last_name>
<city>New York</city>
<county>New York</county>
<state>NY</state>
<zip>10011</zip>
</ROW>
<ROW>
<first_name>Joesph</first_name>
<last_name>Degonia</last_name>
<city>Berkeley</city>
<county>Alameda</county>
<state>CA</state>
<zip>94710</zip>
</ROW>
<ROW>
<first_name>Annabelle</first_name>
<last_name>Boord</last_name>
<city>Concord</city>
<county>Middlesex</county>
<state>MA</state>
<zip>1742</zip>
</ROW>
<ROW>
<first_name>Stephaine</first_name>
<last_name>Vinning</last_name>
<city>San Francisco</city>
<county>San Francisco</county>
<state>CA</state>
<zip>94104</zip>
</ROW>
<ROW>
<first_name>Nelida</first_name>
<last_name>Sawchuk</last_name>
<city>Paramus</city>
<county>Bergen</county>
<state>NJ</state>
<zip>7652</zip>
</ROW>
<ROW>
<first_name>Marguerita</first_name>
<last_name>Hiatt</last_name>
<city>Oakley</city>
<county>Contra Costa</county>
<state>CA</state>
<zip>94561</zip>
</ROW>
<ROW>
<first_name>Carmela</first_name>
<last_name>Cookey</last_name>
<city>Chicago</city>
<county>Cook</county>
<state>IL</state>
<zip>60623</zip>
</ROW>
<ROW>
<first_name>Junita</first_name>
<last_name>Brideau</last_name>
<city>Cedar Grove</city>
<county>Essex</county>
<state>NJ</state>
<zip>7009</zip>
</ROW>
<ROW>
<first_name>Claribel</first_name>
<last_name>Varriano</last_name>
<city>Perrysburg</city>
<county>Wood</county>
<state>OH</state>
<zip>43551</zip>
</ROW>
<ROW>
<first_name>Benton</first_name>
<last_name>Skursky</last_name>
<city>Gardena</city>
<county>Los Angeles</county>
<state>CA</state>
<zip>90248</zip>
</ROW>
<ROW>
<first_name>Hillary</first_name>
<last_name>Skulski</last_name>
<city>Homosassa</city>
<county>Citrus</county>
<state>FL</state>
<zip>34448</zip>
</ROW>
<ROW>
<first_name>Merilyn</first_name>
<last_name>Bayless</last_name>
<city>Santa Clara</city>
<county>Santa Clara</county>
<state>CA</state>
<zip>95054</zip>
</ROW>
<ROW>
<first_name>Teri</first_name>
<last_name>Ennaco</last_name>
<city>Hazleton</city>
<county>Luzerne</county>
<state>PA</state>
<zip>18201</zip>
</ROW>
<ROW>
<first_name>Merlyn</first_name>
<last_name>Lawler</last_name>
<city>Jersey City</city>
<county>Hudson</county>
<state>NJ</state>
<zip>7304</zip>
</ROW>
<ROW>
<first_name>Georgene</first_name>
<last_name>Montezuma</last_name>
<city>San Ramon</city>
<county>Contra Costa</county>
<state>CA</state>
<zip>94583</zip>
</ROW>
<ROW>
<first_name>Jettie</first_name>
<last_name>Mconnell</last_name>
<city>Bridgewater</city>
<county>Somerset</county>
<state>NJ</state>
<zip>8807</zip>
</ROW>
<ROW>
<first_name>Lemuel</first_name>
<last_name>Latzke</last_name>
<city>Bohemia</city>
<county>Suffolk</county>
<state>NY</state>
<zip>11716</zip>
</ROW>
<ROW>
<first_name>Melodie</first_name>
<last_name>Knipp</last_name>
<city>Thousand Oaks</city>
<county>Ventura</county>
<state>CA</state>
<zip>91362</zip>
</ROW>
<ROW>
<first_name>Candida</first_name>
<last_name>Corbley</last_name>
<city>Somerville</city>
<county>Somerset</county>
<state>NJ</state>
<zip>8876</zip>
</ROW>
<ROW>
<first_name>Karan</first_name>
<last_name>Karpin</last_name>
<city>Beaverton</city>
<county>Washington</county>
<state>OR</state>
<zip>97005</zip>
</ROW>
<ROW>
<first_name>Andra</first_name>
<last_name>Scheyer</last_name>
<city>Salem</city>
<county>Marion</county>
<state>OR</state>
<zip>97302</zip>
</ROW>
<ROW>
<first_name>Felicidad</first_name>
<last_name>Poullion</last_name>
<city>Riverton</city>
<county>Burlington</county>
<state>NJ</state>
<zip>8077</zip>
</ROW>
<ROW>
<first_name>Belen</first_name>
<last_name>Strassner</last_name>
<city>Douglasville</city>
<county>Douglas</county>
<state>GA</state>
<zip>30135</zip>
</ROW>
<ROW>
<first_name>Gracia</first_name>
<last_name>Melnyk</last_name>
<city>Jacksonville</city>
<county>Duval</county>
<state>FL</state>
<zip>32216</zip>
</ROW>
<ROW>
<first_name>Jolanda</first_name>
<last_name>Hanafan</last_name>
<city>Bangor</city>
<county>Penobscot</county>
<state>ME</state>
<zip>4401</zip>
</ROW>
<ROW>
<first_name>Barrett</first_name>
<last_name>Toyama</last_name>
<city>Kennedale</city>
<county>Tarrant</county>
<state>TX</state>
<zip>76060</zip>
</ROW>
<ROW>
<first_name>Helga</first_name>
<last_name>Fredicks</last_name>
<city>Buffalo</city>
<county>Erie</county>
<state>NY</state>
<zip>14228</zip>
</ROW>
<ROW>
<first_name>Ashlyn</first_name>
<last_name>Pinilla</last_name>
<city>Opa Locka</city>
<county>Miami-Dade</county>
<state>FL</state>
<zip>33054</zip>
</ROW>
<ROW>
<first_name>Fausto</first_name>
<last_name>Agramonte</last_name>
<city>New York</city>
<county>New York</county>
<state>NY</state>
<zip>10038</zip>
</ROW>
<ROW>
<first_name>Ronny</first_name>
<last_name>Caiafa</last_name>
<city>Philadelphia</city>
<county>Philadelphia</county>
<state>PA</state>
<zip>19103</zip>
</ROW>
<ROW>
<first_name>Marge</first_name>
<last_name>Limmel</last_name>
<city>Crestview</city>
<county>Okaloosa</county>
<state>FL</state>
<zip>32536</zip>
</ROW>
<ROW>
<first_name>Norah</first_name>
<last_name>Waymire</last_name>
<city>San Francisco</city>
<county>San Francisco</county>
<state>CA</state>
<zip>94107</zip>
</ROW>
<ROW>
<first_name>Aliza</first_name>
<last_name>Baltimore</last_name>
<city>San Jose</city>
<county>Santa Clara</county>
<state>CA</state>
<zip>95132</zip>
</ROW>
<ROW>
<first_name>Mozell</first_name>
<last_name>Pelkowski</last_name>
<city>South San Francisco</city>
<county>San Mateo</county>
<state>CA</state>
<zip>94080</zip>
</ROW>
<ROW>
<first_name>Viola</first_name>
<last_name>Bitsuie</last_name>
<city>Northridge</city>
<county>Los Angeles</county>
<state>CA</state>
<zip>91325</zip>
</ROW>
<ROW>
<first_name>Franklyn</first_name>
<last_name>Emard</last_name>
<city>Philadelphia</city>
<county>Philadelphia</county>
<state>PA</state>
<zip>19103</zip>
</ROW>
<ROW>
<first_name>Willodean</first_name>
<last_name>Konopacki</last_name>
<city>Lafayette</city>
<county>Lafayette</county>
<state>LA</state>
<zip>70506</zip>
</ROW>
<ROW>
<first_name>Beckie</first_name>
<last_name>Silvestrini</last_name>
<city>Dearborn</city>
<county>Wayne</county>
<state>MI</state>
<zip>48126</zip>
</ROW>
<ROW>
<first_name>Rebecka</first_name>
<last_name>Gesick</last_name>
<city>Austin</city>
<county>Travis</county>
<state>TX</state>
<zip>78754</zip>
</ROW>
<ROW>
<first_name>Frederica</first_name>
<last_name>Blunk</last_name>
<city>Dallas</city>
<county>Dallas</county>
<state>TX</state>
<zip>75207</zip>
</ROW>
<ROW>
<first_name>Glen</first_name>
<last_name>Bartolet</last_name>
<city>Vashon</city>
<county>King</county>
<state>WA</state>
<zip>98070</zip>
</ROW>
<ROW>
<first_name>Freeman</first_name>
<last_name>Gochal</last_name>
<city>Coatesville</city>
<county>Chester</county>
<state>PA</state>
<zip>19320</zip>
</ROW>
<ROW>
<first_name>Vincent</first_name>
<last_name>Meinerding</last_name>
<city>Philadelphia</city>
<county>Philadelphia</county>
<state>PA</state>
<zip>19143</zip>
</ROW>
<ROW>
<first_name>Rima</first_name>
<last_name>Bevelacqua</last_name>
<city>Gardena</city>
<county>Los Angeles</county>
<state>CA</state>
<zip>90248</zip>
</ROW>
<ROW>
<first_name>Glendora</first_name>
<last_name>Sarbacher</last_name>
<city>Rohnert Park</city>
<county>Sonoma</county>
<state>CA</state>
<zip>94928</zip>
</ROW>
<ROW>
<first_name>Avery</first_name>
<last_name>Steier</last_name>
<city>Orlando</city>
<county>Orange</county>
<state>FL</state>
<zip>32803</zip>
</ROW>
<ROW>
<first_name>Cristy</first_name>
<last_name>Lother</last_name>
<city>Escondido</city>
<county>San Diego</county>
<state>CA</state>
<zip>92025</zip>
</ROW>
<ROW>
<first_name>Nicolette</first_name>
<last_name>Brossart</last_name>
<city>Westborough</city>
<county>Worcester</county>
<state>MA</state>
<zip>1581</zip>
</ROW>
<ROW>
<first_name>Tracey</first_name>
<last_name>Modzelewski</last_name>
<city>Conroe</city>
<county>Montgomery</county>
<state>TX</state>
<zip>77301</zip>
</ROW>
<ROW>
<first_name>Virgina</first_name>
<last_name>Tegarden</last_name>
<city>Milwaukee</city>
<county>Milwaukee</county>
<state>WI</state>
<zip>53226</zip>
</ROW>
<ROW>
<first_name>Tiera</first_name>
<last_name>Frankel</last_name>
<city>El Monte</city>
<county>Los Angeles</county>
<state>CA</state>
<zip>91731</zip>
</ROW>
<ROW>
<first_name>Alaine</first_name>
<last_name>Bergesen</last_name>
<city>Yonkers</city>
<county>Westchester</county>
<state>NY</state>
<zip>10701</zip>
</ROW>
<ROW>
<first_name>Earleen</first_name>
<last_name>Mai</last_name>
<city>Dallas</city>
<county>Dallas</county>
<state>TX</state>
<zip>75227</zip>
</ROW>
<ROW>
<first_name>Leonida</first_name>
<last_name>Gobern</last_name>
<city>Biloxi</city>
<county>Harrison</county>
<state>MS</state>
<zip>39530</zip>
</ROW>
<ROW>
<first_name>Ressie</first_name>
<last_name>Auffrey</last_name>
<city>Miami</city>
<county>Miami-Dade</county>
<state>FL</state>
<zip>33134</zip>
</ROW>
<ROW>
<first_name>Justine</first_name>
<last_name>Mugnolo</last_name>
<city>New York</city>
<county>New York</county>
<state>NY</state>
<zip>10048</zip>
</ROW>
<ROW>
<first_name>Eladia</first_name>
<last_name>Saulter</last_name>
<city>Ramsey</city>
<county>Bergen</county>
<state>NJ</state>
<zip>7446</zip>
</ROW>
<ROW>
<first_name>Chaya</first_name>
<last_name>Malvin</last_name>
<city>Ann Arbor</city>
<county>Washtenaw</county>
<state>MI</state>
<zip>48103</zip>
</ROW>
<ROW>
<first_name>Gwenn</first_name>
<last_name>Suffield</last_name>
<city>Deer Park</city>
<county>Suffolk</county>
<state>NY</state>
<zip>11729</zip>
</ROW>
<ROW>
<first_name>Salena</first_name>
<last_name>Karpel</last_name>
<city>Canton</city>
<county>Stark</county>
<state>OH</state>
<zip>44707</zip>
</ROW>
<ROW>
<first_name>Yoko</first_name>
<last_name>Fishburne</last_name>
<city>New Haven</city>
<county>New Haven</county>
<state>CT</state>
<zip>6511</zip>
</ROW>
<ROW>
<first_name>Taryn</first_name>
<last_name>Moyd</last_name>
<city>Fairfax</city>
<county>Fairfax City</county>
<state>VA</state>
<zip>22030</zip>
</ROW>
<ROW>
<first_name>Katina</first_name>
<last_name>Polidori</last_name>
<city>Wilmington</city>
<county>Middlesex</county>
<state>MA</state>
<zip>1887</zip>
</ROW>
<ROW>
<first_name>Rickie</first_name>
<last_name>Plumer</last_name>
<city>Toledo</city>
<county>Lucas</county>
<state>OH</state>
<zip>43613</zip>
</ROW>
<ROW>
<first_name>Alex</first_name>
<last_name>Loader</last_name>
<city>Tacoma</city>
<county>Pierce</county>
<state>WA</state>
<zip>98409</zip>
</ROW>
<ROW>
<first_name>Lashon</first_name>
<last_name>Vizarro</last_name>
<city>Roseville</city>
<county>Placer</county>
<state>CA</state>
<zip>95661</zip>
</ROW>
<ROW>
<first_name>Lauran</first_name>
<last_name>Burnard</last_name>
<city>Riverton</city>
<county>Fremont</county>
<state>WY</state>
<zip>82501</zip>
</ROW>
<ROW>
<first_name>Ceola</first_name>
<last_name>Setter</last_name>
<city>Warren</city>
<county>Knox</county>
<state>ME</state>
<zip>4864</zip>
</ROW>
<ROW>
<first_name>My</first_name>
<last_name>Rantanen</last_name>
<city>Richboro</city>
<county>Bucks</county>
<state>PA</state>
<zip>18954</zip>
</ROW>
<ROW>
<first_name>Lorrine</first_name>
<last_name>Worlds</last_name>
<city>Tampa</city>
<county>Hillsborough</county>
<state>FL</state>
<zip>33614</zip>
</ROW>
<ROW>
<first_name>Peggie</first_name>
<last_name>Sturiale</last_name>
<city>El Cajon</city>
<county>San Diego</county>
<state>CA</state>
<zip>92020</zip>
</ROW>
<ROW>
<first_name>Marvel</first_name>
<last_name>Raymo</last_name>
<city>College Station</city>
<county>Brazos</county>
<state>TX</state>
<zip>77840</zip>
</ROW>
<ROW>
<first_name>Daron</first_name>
<last_name>Dinos</last_name>
<city>Highland Park</city>
<county>Lake</county>
<state>IL</state>
<zip>60035</zip>
</ROW>
<ROW>
<first_name>An</first_name>
<last_name>Fritz</last_name>
<city>Atlantic City</city>
<county>Atlantic</county>
<state>NJ</state>
<zip>8401</zip>
</ROW>
<ROW>
<first_name>Portia</first_name>
<last_name>Stimmel</last_name>
<city>Bridgewater</city>
<county>Somerset</county>
<state>NJ</state>
<zip>8807</zip>
</ROW>
<ROW>
<first_name>Rhea</first_name>
<last_name>Aredondo</last_name>
<city>Brooklyn</city>
<county>Kings</county>
<state>NY</state>
<zip>11226</zip>
</ROW>
<ROW>
<first_name>Benedict</first_name>
<last_name>Sama</last_name>
<city>Saint Louis</city>
<county>Saint Louis City</county>
<state>MO</state>
<zip>63104</zip>
</ROW>
<ROW>
<first_name>Alyce</first_name>
<last_name>Arias</last_name>
<city>Stockton</city>
<county>San Joaquin</county>
<state>CA</state>
<zip>95207</zip>
</ROW>
<ROW>
<first_name>Heike</first_name>
<last_name>Berganza</last_name>
<city>Little Falls</city>
<county>Passaic</county>
<state>NJ</state>
<zip>7424</zip>
</ROW>
<ROW>
<first_name>Carey</first_name>
<last_name>Dopico</last_name>
<city>Indianapolis</city>
<county>Marion</county>
<state>IN</state>
<zip>46220</zip>
</ROW>
<ROW>
<first_name>Dottie</first_name>
<last_name>Hellickson</last_name>
<city>Seattle</city>
<county>King</county>
<state>WA</state>
<zip>98133</zip>
</ROW>
<ROW>
<first_name>Deandrea</first_name>
<last_name>Hughey</last_name>
<city>Burlington</city>
<county>Alamance</county>
<state>NC</state>
<zip>27215</zip>
</ROW>
<ROW>
<first_name>Kimberlie</first_name>
<last_name>Duenas</last_name>
<city>Hays</city>
<county>Ellis</county>
<state>KS</state>
<zip>67601</zip>
</ROW>
<ROW>
<first_name>Martina</first_name>
<last_name>Staback</last_name>
<city>Orlando</city>
<county>Orange</county>
<state>FL</state>
<zip>32822</zip>
</ROW>
<ROW>
<first_name>Skye</first_name>
<last_name>Fillingim</last_name>
<city>Minneapolis</city>
<county>Hennepin</county>
<state>MN</state>
<zip>55401</zip>
</ROW>
<ROW>
<first_name>Jade</first_name>
<last_name>Farrar</last_name>
<city>Columbia</city>
<county>Richland</county>
<state>SC</state>
<zip>29201</zip>
</ROW>
<ROW>
<first_name>Charlene</first_name>
<last_name>Hamilton</last_name>
<city>Santa Rosa</city>
<county>Sonoma</county>
<state>CA</state>
<zip>95407</zip>
</ROW>
<ROW>
<first_name>Geoffrey</first_name>
<last_name>Acey</last_name>
<city>Palatine</city>
<county>Cook</county>
<state>IL</state>
<zip>60067</zip>
</ROW>
<ROW>
<first_name>Stevie</first_name>
<last_name>Westerbeck</last_name>
<city>Costa Mesa</city>
<county>Orange</county>
<state>CA</state>
<zip>92626</zip>
</ROW>
<ROW>
<first_name>Pamella</first_name>
<last_name>Fortino</last_name>
<city>Denver</city>
<county>Denver</county>
<state>CO</state>
<zip>80212</zip>
</ROW>
<ROW>
<first_name>Harrison</first_name>
<last_name>Haufler</last_name>
<city>New Haven</city>
<county>New Haven</county>
<state>CT</state>
<zip>6515</zip>
</ROW>
<ROW>
<first_name>Johnna</first_name>
<last_name>Engelberg</last_name>
<city>Bothell</city>
<county>Snohomish</county>
<state>WA</state>
<zip>98021</zip>
</ROW>
<ROW>
<first_name>Buddy</first_name>
<last_name>Cloney</last_name>
<city>Strongsville</city>
<county>Cuyahoga</county>
<state>OH</state>
<zip>44136</zip>
</ROW>
<ROW>
<first_name>Dalene</first_name>
<last_name>Riden</last_name>
<city>Plaistow</city>
<county>Rockingham</county>
<state>NH</state>
<zip>3865</zip>
</ROW>
<ROW>
<first_name>Jerry</first_name>
<last_name>Zurcher</last_name>
<city>Satellite Beach</city>
<county>Brevard</county>
<state>FL</state>
<zip>32937</zip>
</ROW>
<ROW>
<first_name>Haydee</first_name>
<last_name>Denooyer</last_name>
<city>New York</city>
<county>New York</county>
<state>NY</state>
<zip>10016</zip>
</ROW>
<ROW>
<first_name>Joseph</first_name>
<last_name>Cryer</last_name>
<city>Huntington Beach</city>
<county>Orange</county>
<state>CA</state>
<zip>92647</zip>
</ROW>
<ROW>
<first_name>Deonna</first_name>
<last_name>Kippley</last_name>
<city>Southfield</city>
<county>Oakland</county>
<state>MI</state>
<zip>48075</zip>
</ROW>
<ROW>
<first_name>Raymon</first_name>
<last_name>Calvaresi</last_name>
<city>Indianapolis</city>
<county>Marion</county>
<state>IN</state>
<zip>46222</zip>
</ROW>
<ROW>
<first_name>Alecia</first_name>
<last_name>Bubash</last_name>
<city>Wichita Falls</city>
<county>Wichita</county>
<state>TX</state>
<zip>76301</zip>
</ROW>
<ROW>
<first_name>Ma</first_name>
<last_name>Layous</last_name>
<city>North Haven</city>
<county>New Haven</county>
<state>CT</state>
<zip>6473</zip>
</ROW>
<ROW>
<first_name>Detra</first_name>
<last_name>Coyier</last_name>
<city>Aberdeen</city>
<county>Harford</county>
<state>MD</state>
<zip>21001</zip>
</ROW>
<ROW>
<first_name>Terrilyn</first_name>
<last_name>Rodeigues</last_name>
<city>New Orleans</city>
<county>Orleans</county>
<state>LA</state>
<zip>70130</zip>
</ROW>
<ROW>
<first_name>Salome</first_name>
<last_name>Lacovara</last_name>
<city>Richmond</city>
<county>Richmond City</county>
<state>VA</state>
<zip>23219</zip>
</ROW>
<ROW>
<first_name>Garry</first_name>
<last_name>Keetch</last_name>
<city>Southampton</city>
<county>Bucks</county>
<state>PA</state>
<zip>18966</zip>
</ROW>
<ROW>
<first_name>Matthew</first_name>
<last_name>Neither</last_name>
<city>Shakopee</city>
<county>Scott</county>
<state>MN</state>
<zip>55379</zip>
</ROW>
<ROW>
<first_name>Theodora</first_name>
<last_name>Restrepo</last_name>
<city>Miami</city>
<county>Miami-Dade</county>
<state>FL</state>
<zip>33136</zip>
</ROW>
<ROW>
<first_name>Noah</first_name>
<last_name>Kalafatis</last_name>
<city>Milwaukee</city>
<county>Milwaukee</county>
<state>WI</state>
<zip>53209</zip>
</ROW>
<ROW>
<first_name>Carmen</first_name>
<last_name>Sweigard</last_name>
<city>Somerset</city>
<county>Somerset</county>
<state>NJ</state>
<zip>8873</zip>
</ROW>
<ROW>
<first_name>Lavonda</first_name>
<last_name>Hengel</last_name>
<city>Fargo</city>
<county>Cass</county>
<state>ND</state>
<zip>58102</zip>
</ROW>
<ROW>
<first_name>Junita</first_name>
<last_name>Stoltzman</last_name>
<city>Carson City</city>
<county>Carson City</county>
<state>NV</state>
<zip>89701</zip>
</ROW>
<ROW>
<first_name>Herminia</first_name>
<last_name>Nicolozakes</last_name>
<city>Scottsdale</city>
<county>Maricopa</county>
<state>AZ</state>
<zip>85254</zip>
</ROW>
<ROW>
<first_name>Casie</first_name>
<last_name>Good</last_name>
<city>Nashville</city>
<county>Davidson</county>
<state>TN</state>
<zip>37211</zip>
</ROW>
<ROW>
<first_name>Reena</first_name>
<last_name>Maisto</last_name>
<city>Salisbury</city>
<county>Wicomico</county>
<state>MD</state>
<zip>21801</zip>
</ROW>
<ROW>
<first_name>Mirta</first_name>
<last_name>Mallett</last_name>
<city>New York</city>
<county>New York</county>
<state>NY</state>
<zip>10004</zip>
</ROW>
<ROW>
<first_name>Cathrine</first_name>
<last_name>Pontoriero</last_name>
<city>Amarillo</city>
<county>Randall</county>
<state>TX</state>
<zip>79109</zip>
</ROW>
<ROW>
<first_name>Filiberto</first_name>
<last_name>Tawil</last_name>
<city>Los Angeles</city>
<county>Los Angeles</county>
<state>CA</state>
<zip>90016</zip>
</ROW>
<ROW>
<first_name>Raul</first_name>
<last_name>Upthegrove</last_name>
<city>La Mesa</city>
<county>San Diego</county>
<state>CA</state>
<zip>91942</zip>
</ROW>
<ROW>
<first_name>Sarah</first_name>
<last_name>Candlish</last_name>
<city>Atlanta</city>
<county>Fulton</county>
<state>GA</state>
<zip>30328</zip>
</ROW>
<ROW>
<first_name>Lucy</first_name>
<last_name>Treston</last_name>
<city>Worcester</city>
<county>Worcester</county>
<state>MA</state>
<zip>1602</zip>
</ROW>
<ROW>
<first_name>Judy</first_name>
<last_name>Aquas</last_name>
<city>Niles</city>
<county>Berrien</county>
<state>MI</state>
<zip>49120</zip>
</ROW>
<ROW>
<first_name>Yvonne</first_name>
<last_name>Tjepkema</last_name>
<city>Fairfield</city>
<county>Essex</county>
<state>NJ</state>
<zip>7004</zip>
</ROW>
<ROW>
<first_name>Kayleigh</first_name>
<last_name>Lace</last_name>
<city>Lafayette</city>
<county>Lafayette</county>
<state>LA</state>
<zip>70508</zip>
</ROW>
<ROW>
<first_name>Felix</first_name>
<last_name>Hirpara</last_name>
<city>Denver</city>
<county>Lancaster</county>
<state>PA</state>
<zip>17517</zip>
</ROW>
<ROW>
<first_name>Tresa</first_name>
<last_name>Sweely</last_name>
<city>Valley Park</city>
<county>Saint Louis</county>
<state>MO</state>
<zip>63088</zip>
</ROW>
<ROW>
<first_name>Kristeen</first_name>
<last_name>Turinetti</last_name>
<city>Arlington</city>
<county>Tarrant</county>
<state>TX</state>
<zip>76013</zip>
</ROW>
<ROW>
<first_name>Jenelle</first_name>
<last_name>Regusters</last_name>
<city>Tampa</city>
<county>Hillsborough</county>
<state>FL</state>
<zip>33619</zip>
</ROW>
<ROW>
<first_name>Renea</first_name>
<last_name>Monterrubio</last_name>
<city>Atlanta</city>
<county>Fulton</county>
<state>GA</state>
<zip>30328</zip>
</ROW>
<ROW>
<first_name>Olive</first_name>
<last_name>Matuszak</last_name>
<city>Cathedral City</city>
<county>Riverside</county>
<state>CA</state>
<zip>92234</zip>
</ROW>
<ROW>
<first_name>Ligia</first_name>
<last_name>Reiber</last_name>
<city>Lansing</city>
<county>Ingham</county>
<state>MI</state>
<zip>48933</zip>
</ROW>
<ROW>
<first_name>Christiane</first_name>
<last_name>Eschberger</last_name>
<city>Phoenix</city>
<county>Maricopa</county>
<state>AZ</state>
<zip>85034</zip>
</ROW>
<ROW>
<first_name>Goldie</first_name>
<last_name>Schirpke</last_name>
<city>Bangor</city>
<county>Penobscot</county>
<state>ME</state>
<zip>4401</zip>
</ROW>
<ROW>
<first_name>Loreta</first_name>
<last_name>Timenez</last_name>
<city>Clinton</city>
<county>Prince Georges</county>
<state>MD</state>
<zip>20735</zip>
</ROW>
<ROW>
<first_name>Fabiola</first_name>
<last_name>Hauenstein</last_name>
<city>York</city>
<county>York</county>
<state>PA</state>
<zip>17404</zip>
</ROW>
<ROW>
<first_name>Amie</first_name>
<last_name>Perigo</last_name>
<city>Mesquite</city>
<county>Dallas</county>
<state>TX</state>
<zip>75150</zip>
</ROW>
<ROW>
<first_name>Raina</first_name>
<last_name>Brachle</last_name>
<city>Butte</city>
<county>Silver Bow</county>
<state>MT</state>
<zip>59701</zip>
</ROW>
<ROW>
<first_name>Erinn</first_name>
<last_name>Canlas</last_name>
<city>Livingston</city>
<county>Essex</county>
<state>NJ</state>
<zip>7039</zip>
</ROW>
<ROW>
<first_name>Cherry</first_name>
<last_name>Lietz</last_name>
<city>Waterford</city>
<county>Oakland</county>
<state>MI</state>
<zip>48329</zip>
</ROW>
<ROW>
<first_name>Kattie</first_name>
<last_name>Vonasek</last_name>
<city>Cleveland</city>
<county>Cuyahoga</county>
<state>OH</state>
<zip>44103</zip>
</ROW>
<ROW>
<first_name>Lilli</first_name>
<last_name>Scriven</last_name>
<city>Abilene</city>
<county>Taylor</county>
<state>TX</state>
<zip>79601</zip>
</ROW>
<ROW>
<first_name>Whitley</first_name>
<last_name>Tomasulo</last_name>
<city>Fort Worth</city>
<county>Tarrant</county>
<state>TX</state>
<zip>76107</zip>
</ROW>
<ROW>
<first_name>Barbra</first_name>
<last_name>Adkin</last_name>
<city>Brooklyn</city>
<county>Kings</county>
<state>NY</state>
<zip>11230</zip>
</ROW>
<ROW>
<first_name>Hermila</first_name>
<last_name>Thyberg</last_name>
<city>Providence</city>
<county>Providence</county>
<state>RI</state>
<zip>2903</zip>
</ROW>
<ROW>
<first_name>Jesusita</first_name>
<last_name>Flister</last_name>
<city>Lancaster</city>
<county>Lancaster</county>
<state>PA</state>
<zip>17601</zip>
</ROW>
<ROW>
<first_name>Caitlin</first_name>
<last_name>Julia</last_name>
<city>Johnston</city>
<county>Providence</county>
<state>RI</state>
<zip>2919</zip>
</ROW>
<ROW>
<first_name>Roosevelt</first_name>
<last_name>Hoffis</last_name>
<city>Hialeah</city>
<county>Miami-Dade</county>
<state>FL</state>
<zip>33014</zip>
</ROW>
<ROW>
<first_name>Helaine</first_name>
<last_name>Halter</last_name>
<city>Jersey City</city>
<county>Hudson</county>
<state>NJ</state>
<zip>7304</zip>
</ROW>
<ROW>
<first_name>Lorean</first_name>
<last_name>Martabano</last_name>
<city>San Antonio</city>
<county>Bexar</county>
<state>TX</state>
<zip>78204</zip>
</ROW>
<ROW>
<first_name>France</first_name>
<last_name>Buzick</last_name>
<city>Brooklyn</city>
<county>Kings</county>
<state>NY</state>
<zip>11219</zip>
</ROW>
<ROW>
<first_name>Justine</first_name>
<last_name>Ferrario</last_name>
<city>Pomona</city>
<county>Los Angeles</county>
<state>CA</state>
<zip>91768</zip>
</ROW>
<ROW>
<first_name>Adelina</first_name>
<last_name>Nabours</last_name>
<city>Cleveland</city>
<county>Cuyahoga</county>
<state>OH</state>
<zip>44103</zip>
</ROW>
<ROW>
<first_name>Derick</first_name>
<last_name>Dhamer</last_name>
<city>New York</city>
<county>New York</county>
<state>NY</state>
<zip>10013</zip>
</ROW>
<ROW>
<first_name>Jerry</first_name>
<last_name>Dallen</last_name>
<city>Richmond</city>
<county>Richmond City</county>
<state>VA</state>
<zip>23219</zip>
</ROW>
<ROW>
<first_name>Leota</first_name>
<last_name>Ragel</last_name>
<city>Trion</city>
<county>Chattooga</county>
<state>GA</state>
<zip>30753</zip>
</ROW>
<ROW>
<first_name>Jutta</first_name>
<last_name>Amyot</last_name>
<city>Broussard</city>
<county>Lafayette</county>
<state>LA</state>
<zip>70518</zip>
</ROW>
<ROW>
<first_name>Aja</first_name>
<last_name>Gehrett</last_name>
<city>Nutley</city>
<county>Essex</county>
<state>NJ</state>
<zip>7110</zip>
</ROW>
<ROW>
<first_name>Kirk</first_name>
<last_name>Herritt</last_name>
<city>Vestal</city>
<county>Broome</county>
<state>NY</state>
<zip>13850</zip>
</ROW>
<ROW>
<first_name>Leonora</first_name>
<last_name>Mauson</last_name>
<city>Passaic</city>
<county>Passaic</county>
<state>NJ</state>
<zip>7055</zip>
</ROW>
<ROW>
<first_name>Winfred</first_name>
<last_name>Brucato</last_name>
<city>Moscow</city>
<county>Latah</county>
<state>ID</state>
<zip>83843</zip>
</ROW>
<ROW>
<first_name>Tarra</first_name>
<last_name>Nachor</last_name>
<city>San Francisco</city>
<county>San Francisco</county>
<state>CA</state>
<zip>94104</zip>
</ROW>
<ROW>
<first_name>Corinne</first_name>
<last_name>Loder</last_name>
<city>North Attleboro</city>
<county>Bristol</county>
<state>MA</state>
<zip>2760</zip>
</ROW>
<ROW>
<first_name>Dulce</first_name>
<last_name>Labreche</last_name>
<city>Rochester</city>
<county>Oakland</county>
<state>MI</state>
<zip>48307</zip>
</ROW>
<ROW>
<first_name>Kate</first_name>
<last_name>Keneipp</last_name>
<city>Green Bay</city>
<county>Brown</county>
<state>WI</state>
<zip>54301</zip>
</ROW>
<ROW>
<first_name>Kaitlyn</first_name>
<last_name>Ogg</last_name>
<city>Baltimore</city>
<county>Baltimore City</county>
<state>MD</state>
<zip>21230</zip>
</ROW>
<ROW>
<first_name>Sherita</first_name>
<last_name>Saras</last_name>
<city>Colorado Springs</city>
<county>El Paso</county>
<state>CO</state>
<zip>80937</zip>
</ROW>
<ROW>
<first_name>Lashawnda</first_name>
<last_name>Stuer</last_name>
<city>Toledo</city>
<county>Lucas</county>
<state>OH</state>
<zip>43607</zip>
</ROW>
<ROW>
<first_name>Ernest</first_name>
<last_name>Syrop</last_name>
<city>Hyattsville</city>
<county>Prince Georges</county>
<state>MD</state>
<zip>20785</zip>
</ROW>
<ROW>
<first_name>Nobuko</first_name>
<last_name>Halsey</last_name>
<city>New Bedford</city>
<county>Bristol</county>
<state>MA</state>
<zip>2745</zip>
</ROW>
<ROW>
<first_name>Lavonna</first_name>
<last_name>Wolny</last_name>
<city>Mc Lean</city>
<county>Fairfax</county>
<state>VA</state>
<zip>22102</zip>
</ROW>
<ROW>
<first_name>Lashaunda</first_name>
<last_name>Lizama</last_name>
<city>Hanover</city>
<county>Anne Arundel</county>
<state>MD</state>
<zip>21076</zip>
</ROW>
<ROW>
<first_name>Mariann</first_name>
<last_name>Bilden</last_name>
<city>Austin</city>
<county>Travis</county>
<state>TX</state>
<zip>78753</zip>
</ROW>
<ROW>
<first_name>Helene</first_name>
<last_name>Rodenberger</last_name>
<city>Peoria</city>
<county>Maricopa</county>
<state>AZ</state>
<zip>85381</zip>
</ROW>
<ROW>
<first_name>Roselle</first_name>
<last_name>Estell</last_name>
<city>Bucyrus</city>
<county>Crawford</county>
<state>OH</state>
<zip>44820</zip>
</ROW>
<ROW>
<first_name>Samira</first_name>
<last_name>Heintzman</last_name>
<city>Kent</city>
<county>King</county>
<state>WA</state>
<zip>98032</zip>
</ROW>
<ROW>
<first_name>Margart</first_name>
<last_name>Meisel</last_name>
<city>Cincinnati</city>
<county>Hamilton</county>
<state>OH</state>
<zip>45251</zip>
</ROW>
<ROW>
<first_name>Kristofer</first_name>
<last_name>Bennick</last_name>
<city>Bloomington</city>
<county>Monroe</county>
<state>IN</state>
<zip>47404</zip>
</ROW>
<ROW>
<first_name>Weldon</first_name>
<last_name>Acuff</last_name>
<city>Arlington Heights</city>
<county>Cook</county>
<state>IL</state>
<zip>60004</zip>
</ROW>
<ROW>
<first_name>Shalon</first_name>
<last_name>Shadrick</last_name>
<city>Brooklyn</city>
<county>Kings</county>
<state>NY</state>
<zip>11223</zip>
</ROW>
<ROW>
<first_name>Denise</first_name>
<last_name>Patak</last_name>
<city>Orlando</city>
<county>Orange</county>
<state>FL</state>
<zip>32801</zip>
</ROW>
<ROW>
<first_name>Louvenia</first_name>
<last_name>Beech</last_name>
<city>Beverly Hills</city>
<county>Los Angeles</county>
<state>CA</state>
<zip>90210</zip>
</ROW>
<ROW>
<first_name>Audry</first_name>
<last_name>Yaw</last_name>
<city>Brandon</city>
<county>Hillsborough</county>
<state>FL</state>
<zip>33511</zip>
</ROW>
<ROW>
<first_name>Kristel</first_name>
<last_name>Ehmann</last_name>
<city>El Paso</city>
<county>El Paso</county>
<state>TX</state>
<zip>79925</zip>
</ROW>
<ROW>
<first_name>Vincenza</first_name>
<last_name>Zepp</last_name>
<city>El Cajon</city>
<county>San Diego</county>
<state>CA</state>
<zip>92020</zip>
</ROW>
<ROW>
<first_name>Elouise</first_name>
<last_name>Gwalthney</last_name>
<city>Bladensburg</city>
<county>Prince Georges</county>
<state>MD</state>
<zip>20710</zip>
</ROW>
<ROW>
<first_name>Venita</first_name>
<last_name>Maillard</last_name>
<city>Anaheim</city>
<county>Orange</county>
<state>CA</state>
<zip>92801</zip>
</ROW>
<ROW>
<first_name>Kasandra</first_name>
<last_name>Semidey</last_name>
<city>Saint Louis</city>
<county>Saint Louis City</county>
<state>MO</state>
<zip>63102</zip>
</ROW>
<ROW>
<first_name>Xochitl</first_name>
<last_name>Discipio</last_name>
<city>Round Rock</city>
<county>Williamson</county>
<state>TX</state>
<zip>78664</zip>
</ROW>
<ROW>
<first_name>Maile</first_name>
<last_name>Linahan</last_name>
<city>Greensboro</city>
<county>Guilford</county>
<state>NC</state>
<zip>27409</zip>
</ROW>
<ROW>
<first_name>Krissy</first_name>
<last_name>Rauser</last_name>
<city>Coram</city>
<county>Suffolk</county>
<state>NY</state>
<zip>11727</zip>
</ROW>
<ROW>
<first_name>Pete</first_name>
<last_name>Dubaldi</last_name>
<city>Lyndhurst</city>
<county>Bergen</county>
<state>NJ</state>
<zip>7071</zip>
</ROW>
<ROW>
<first_name>Linn</first_name>
<last_name>Paa</last_name>
<city>Memphis</city>
<county>Shelby</county>
<state>TN</state>
<zip>38112</zip>
</ROW>
<ROW>
<first_name>Paris</first_name>
<last_name>Wide</last_name>
<city>Atlanta</city>
<county>Fulton</county>
<state>GA</state>
<zip>30342</zip>
</ROW>
<ROW>
<first_name>Wynell</first_name>
<last_name>Dorshorst</last_name>
<city>Pacifica</city>
<county>San Mateo</county>
<state>CA</state>
<zip>94044</zip>
</ROW>
<ROW>
<first_name>Quentin</first_name>
<last_name>Birkner</last_name>
<city>Burnsville</city>
<county>Dakota</county>
<state>MN</state>
<zip>55337</zip>
</ROW>
<ROW>
<first_name>Regenia</first_name>
<last_name>Kannady</last_name>
<city>Scottsdale</city>
<county>Maricopa</county>
<state>AZ</state>
<zip>85260</zip>
</ROW>
<ROW>
<first_name>Sheron</first_name>
<last_name>Louissant</last_name>
<city>Long Island City</city>
<county>Queens</county>
<state>NY</state>
<zip>11101</zip>
</ROW>
<ROW>
<first_name>Izetta</first_name>
<last_name>Funnell</last_name>
<city>Atlanta</city>
<county>Dekalb</county>
<state>GA</state>
<zip>30340</zip>
</ROW>
<ROW>
<first_name>Rodolfo</first_name>
<last_name>Butzen</last_name>
<city>Northfield</city>
<county>Rice</county>
<state>MN</state>
<zip>55057</zip>
</ROW>
<ROW>
<first_name>Zona</first_name>
<last_name>Colla</last_name>
<city>Norwalk</city>
<county>Fairfield</county>
<state>CT</state>
<zip>6854</zip>
</ROW>
<ROW>
<first_name>Serina</first_name>
<last_name>Zagen</last_name>
<city>Fort Wayne</city>
<county>Allen</county>
<state>IN</state>
<zip>46802</zip>
</ROW>
<ROW>
<first_name>Paz</first_name>
<last_name>Sahagun</last_name>
<city>Meridian</city>
<county>Lauderdale</county>
<state>MS</state>
<zip>39307</zip>
</ROW>
<ROW>
<first_name>Markus</first_name>
<last_name>Lukasik</last_name>
<city>Sterling Heights</city>
<county>Macomb</county>
<state>MI</state>
<zip>48310</zip>
</ROW>
<ROW>
<first_name>Jaclyn</first_name>
<last_name>Bachman</last_name>
<city>Colorado Springs</city>
<county>El Paso</county>
<state>CO</state>
<zip>80919</zip>
</ROW>
<ROW>
<first_name>Cyril</first_name>
<last_name>Daufeldt</last_name>
<city>New York</city>
<county>New York</county>
<state>NY</state>
<zip>10013</zip>
</ROW>
<ROW>
<first_name>Gayla</first_name>
<last_name>Schnitzler</last_name>
<city>Hayward</city>
<county>Alameda</county>
<state>CA</state>
<zip>94545</zip>
</ROW>
<ROW>
<first_name>Erick</first_name>
<last_name>Nievas</last_name>
<city>Chicago</city>
<county>Cook</county>
<state>IL</state>
<zip>60624</zip>
</ROW>
<ROW>
<first_name>Jennie</first_name>
<last_name>Drymon</last_name>
<city>Scranton</city>
<county>Lackawanna</county>
<state>PA</state>
<zip>18509</zip>
</ROW>
<ROW>
<first_name>Mitsue</first_name>
<last_name>Scipione</last_name>
<city>Oroville</city>
<county>Butte</county>
<state>CA</state>
<zip>95965</zip>
</ROW>
<ROW>
<first_name>Ciara</first_name>
<last_name>Ventura</last_name>
<city>Port Jervis</city>
<county>Orange</county>
<state>NY</state>
<zip>12771</zip>
</ROW>
<ROW>
<first_name>Galen</first_name>
<last_name>Cantres</last_name>
<city>Brook Park</city>
<county>Cuyahoga</county>
<state>OH</state>
<zip>44142</zip>
</ROW>
<ROW>
<first_name>Truman</first_name>
<last_name>Feichtner</last_name>
<city>Bloomfield</city>
<county>Essex</county>
<state>NJ</state>
<zip>7003</zip>
</ROW>
<ROW>
<first_name>Gail</first_name>
<last_name>Kitty</last_name>
<city>Anchorage</city>
<county>Anchorage</county>
<state>AK</state>
<zip>99501</zip>
</ROW>
<ROW>
<first_name>Dalene</first_name>
<last_name>Schoeneck</last_name>
<city>Philadelphia</city>
<county>Philadelphia</county>
<state>PA</state>
<zip>19102</zip>
</ROW>
<ROW>
<first_name>Gertude</first_name>
<last_name>Witten</last_name>
<city>Cincinnati</city>
<county>Hamilton</county>
<state>OH</state>
<zip>45217</zip>
</ROW>
<ROW>
<first_name>Lizbeth</first_name>
<last_name>Kohl</last_name>
<city>Gardena</city>
<county>Los Angeles</county>
<state>CA</state>
<zip>90248</zip>
</ROW>
<ROW>
<first_name>Glenn</first_name>
<last_name>Berray</last_name>
<city>Des Moines</city>
<county>Polk</county>
<state>IA</state>
<zip>50315</zip>
</ROW>
<ROW>
<first_name>Lashandra</first_name>
<last_name>Klang</last_name>
<city>King of Prussia</city>
<county>Montgomery</county>
<state>PA</state>
<zip>19406</zip>
</ROW>
<ROW>
<first_name>Lenna</first_name>
<last_name>Newville</last_name>
<city>Raleigh</city>
<county>Wake</county>
<state>NC</state>
<zip>27601</zip>
</ROW>
<ROW>
<first_name>Laurel</first_name>
<last_name>Pagliuca</last_name>
<city>Richland</city>
<county>Benton</county>
<state>WA</state>
<zip>99352</zip>
</ROW>
<ROW>
<first_name>Mireya</first_name>
<last_name>Frerking</last_name>
<city>Pelham</city>
<county>Westchester</county>
<state>NY</state>
<zip>10803</zip>
</ROW>
<ROW>
<first_name>Annelle</first_name>
<last_name>Tagala</last_name>
<city>Parkville</city>
<county>Baltimore</county>
<state>MD</state>
<zip>21234</zip>
</ROW>
<ROW>
<first_name>Dean</first_name>
<last_name>Ketelsen</last_name>
<city>Hicksville</city>
<county>Nassau</county>
<state>NY</state>
<zip>11801</zip>
</ROW>
<ROW>
<first_name>Levi</first_name>
<last_name>Munis</last_name>
<city>Worcester</city>
<county>Worcester</county>
<state>MA</state>
<zip>1603</zip>
</ROW>
<ROW>
<first_name>Sylvie</first_name>
<last_name>Ryser</last_name>
<city>Tulsa</city>
<county>Tulsa</county>
<state>OK</state>
<zip>74105</zip>
</ROW>
<ROW>
<first_name>Sharee</first_name>
<last_name>Maile</last_name>
<city>Muskegon</city>
<county>Muskegon</county>
<state>MI</state>
<zip>49442</zip>
</ROW>
<ROW>
<first_name>Cordelia</first_name>
<last_name>Storment</last_name>
<city>Lafayette</city>
<county>Lafayette</county>
<state>LA</state>
<zip>70506</zip>
</ROW>
<ROW>
<first_name>Mollie</first_name>
<last_name>Mcdoniel</last_name>
<city>Bowling Green</city>
<county>Wood</county>
<state>OH</state>
<zip>43402</zip>
</ROW>
<ROW>
<first_name>Brett</first_name>
<last_name>Mccullan</last_name>
<city>La Mesa</city>
<county>San Diego</county>
<state>CA</state>
<zip>91942</zip>
</ROW>
<ROW>
<first_name>Teddy</first_name>
<last_name>Pedrozo</last_name>
<city>Bridgeport</city>
<county>Fairfield</county>
<state>CT</state>
<zip>6610</zip>
</ROW>
<ROW>
<first_name>Tasia</first_name>
<last_name>Andreason</last_name>
<city>Kearny</city>
<county>Hudson</county>
<state>NJ</state>
<zip>7032</zip>
</ROW>
<ROW>
<first_name>Hubert</first_name>
<last_name>Walthall</last_name>
<city>Barberton</city>
<county>Summit</county>
<state>OH</state>
<zip>44203</zip>
</ROW>
<ROW>
<first_name>Arthur</first_name>
<last_name>Farrow</last_name>
<city>Englewood</city>
<county>Bergen</county>
<state>NJ</state>
<zip>7631</zip>
</ROW>
<ROW>
<first_name>Vilma</first_name>
<last_name>Berlanga</last_name>
<city>Grand Rapids</city>
<county>Kent</county>
<state>MI</state>
<zip>49546</zip>
</ROW>
<ROW>
<first_name>Billye</first_name>
<last_name>Miro</last_name>
<city>Pearl</city>
<county>Rankin</county>
<state>MS</state>
<zip>39208</zip>
</ROW>
<ROW>
<first_name>Glenna</first_name>
<last_name>Slayton</last_name>
<city>Memphis</city>
<county>Shelby</county>
<state>TN</state>
<zip>38118</zip>
</ROW>
<ROW>
<first_name>Mitzie</first_name>
<last_name>Hudnall</last_name>
<city>Englewood</city>
<county>Arapahoe</county>
<state>CO</state>
<zip>80110</zip>
</ROW>
<ROW>
<first_name>Bernardine</first_name>
<last_name>Rodefer</last_name>
<city>Memphis</city>
<county>Shelby</county>
<state>TN</state>
<zip>38112</zip>
</ROW>
<ROW>
<first_name>Staci</first_name>
<last_name>Schmaltz</last_name>
<city>Pasadena</city>
<county>Los Angeles</county>
<state>CA</state>
<zip>91106</zip>
</ROW>
<ROW>
<first_name>Nichelle</first_name>
<last_name>Meteer</last_name>
<city>Chicago</city>
<county>Cook</county>
<state>IL</state>
<zip>60657</zip>
</ROW>
<ROW>
<first_name>Janine</first_name>
<last_name>Rhoden</last_name>
<city>Astoria</city>
<county>Queens</county>
<state>NY</state>
<zip>11103</zip>
</ROW>
<ROW>
<first_name>Ettie</first_name>
<last_name>Hoopengardner</last_name>
<city>Richland</city>
<county>Benton</county>
<state>WA</state>
<zip>99352</zip>
</ROW>
<ROW>
<first_name>Eden</first_name>
<last_name>Jayson</last_name>
<city>Baltimore</city>
<county>Baltimore City</county>
<state>MD</state>
<zip>21202</zip>
</ROW>
<ROW>
<first_name>Lynelle</first_name>
<last_name>Auber</last_name>
<city>Newark</city>
<county>Essex</county>
<state>NJ</state>
<zip>7104</zip>
</ROW>
<ROW>
<first_name>Merissa</first_name>
<last_name>Tomblin</last_name>
<city>Bellflower</city>
<county>Los Angeles</county>
<state>CA</state>
<zip>90706</zip>
</ROW>
<ROW>
<first_name>Golda</first_name>
<last_name>Kaniecki</last_name>
<city>Toms River</city>
<county>Ocean</county>
<state>NJ</state>
<zip>8755</zip>
</ROW>
<ROW>
<first_name>Catarina</first_name>
<last_name>Gleich</last_name>
<city>Denville</city>
<county>Morris</county>
<state>NJ</state>
<zip>7834</zip>
</ROW>
<ROW>
<first_name>Virgie</first_name>
<last_name>Kiel</last_name>
<city>Denver</city>
<county>Denver</county>
<state>CO</state>
<zip>80216</zip>
</ROW>
<ROW>
<first_name>Jolene</first_name>
<last_name>Ostolaza</last_name>
<city>Newport News</city>
<county>Newport News City</county>
<state>VA</state>
<zip>23608</zip>
</ROW>
<ROW>
<first_name>Keneth</first_name>
<last_name>Borgman</last_name>
<city>Phoenix</city>
<county>Maricopa</county>
<state>AZ</state>
<zip>85012</zip>
</ROW>
<ROW>
<first_name>Rikki</first_name>
<last_name>Nayar</last_name>
<city>Miami</city>
<county>Miami-Dade</county>
<state>FL</state>
<zip>33155</zip>
</ROW>
<ROW>
<first_name>Elke</first_name>
<last_name>Sengbusch</last_name>
<city>Phoenix</city>
<county>Maricopa</county>
<state>AZ</state>
<zip>85013</zip>
</ROW>
<ROW>
<first_name>Hoa</first_name>
<last_name>Sarao</last_name>
<city>Oak Hill</city>
<county>Volusia</county>
<state>FL</state>
<zip>32759</zip>
</ROW>
<ROW>
<first_name>Trinidad</first_name>
<last_name>Mcrae</last_name>
<city>San Francisco</city>
<county>San Francisco</county>
<state>CA</state>
<zip>94105</zip>
</ROW>
<ROW>
<first_name>Mari</first_name>
<last_name>Lueckenbach</last_name>
<city>San Diego</city>
<county>San Diego</county>
<state>CA</state>
<zip>92110</zip>
</ROW>
<ROW>
<first_name>Selma</first_name>
<last_name>Husser</last_name>
<city>Jersey City</city>
<county>Hudson</county>
<state>NJ</state>
<zip>7306</zip>
</ROW>
<ROW>
<first_name>Antione</first_name>
<last_name>Onofrio</last_name>
<city>San Bernardino</city>
<county>San Bernardino</county>
<state>CA</state>
<zip>92410</zip>
</ROW>
<ROW>
<first_name>Luisa</first_name>
<last_name>Jurney</last_name>
<city>Cambridge</city>
<county>Middlesex</county>
<state>MA</state>
<zip>2138</zip>
</ROW>
<ROW>
<first_name>Clorinda</first_name>
<last_name>Heimann</last_name>
<city>Escondido</city>
<county>San Diego</county>
<state>CA</state>
<zip>92025</zip>
</ROW>
<ROW>
<first_name>Dick</first_name>
<last_name>Wenzinger</last_name>
<city>Gardena</city>
<county>Los Angeles</county>
<state>CA</state>
<zip>90248</zip>
</ROW>
<ROW>
<first_name>Ahmed</first_name>
<last_name>Angalich</last_name>
<city>Harrisburg</city>
<county>Dauphin</county>
<state>PA</state>
<zip>17110</zip>
</ROW>
<ROW>
<first_name>Iluminada</first_name>
<last_name>Ohms</last_name>
<city>Mesa</city>
<county>Maricopa</county>
<state>AZ</state>
<zip>85204</zip>
</ROW>
<ROW>
<first_name>Joanna</first_name>
<last_name>Leinenbach</last_name>
<city>Lake Worth</city>
<county>Palm Beach</county>
<state>FL</state>
<zip>33461</zip>
</ROW>
<ROW>
<first_name>Caprice</first_name>
<last_name>Suell</last_name>
<city>Nashville</city>
<county>Davidson</county>
<state>TN</state>
<zip>37211</zip>
</ROW>
<ROW>
<first_name>Stephane</first_name>
<last_name>Myricks</last_name>
<city>Burlington</city>
<county>Boone</county>
<state>KY</state>
<zip>41005</zip>
</ROW>
<ROW>
<first_name>Quentin</first_name>
<last_name>Swayze</last_name>
<city>Milan</city>
<county>Monroe</county>
<state>MI</state>
<zip>48160</zip>
</ROW>
<ROW>
<first_name>Annmarie</first_name>
<last_name>Castros</last_name>
<city>Conroe</city>
<county>Montgomery</county>
<state>TX</state>
<zip>77301</zip>
</ROW>
<ROW>
<first_name>Shonda</first_name>
<last_name>Greenbush</last_name>
<city>Clifton</city>
<county>Passaic</county>
<state>NJ</state>
<zip>7011</zip>
</ROW>
<ROW>
<first_name>Cecil</first_name>
<last_name>Lapage</last_name>
<city>Union City</city>
<county>Hudson</county>
<state>NJ</state>
<zip>7087</zip>
</ROW>
<ROW>
<first_name>Jeanice</first_name>
<last_name>Claucherty</last_name>
<city>Miami</city>
<county>Miami-Dade</county>
<state>FL</state>
<zip>33142</zip>
</ROW>
<ROW>
<first_name>Josphine</first_name>
<last_name>Villanueva</last_name>
<city>Moss</city>
<county>Clay</county>
<state>TN</state>
<zip>38575</zip>
</ROW>
<ROW>
<first_name>Daniel</first_name>
<last_name>Perruzza</last_name>
<city>Santa Ana</city>
<county>Orange</county>
<state>CA</state>
<zip>92705</zip>
</ROW>
<ROW>
<first_name>Cassi</first_name>
<last_name>Wildfong</last_name>
<city>Rolling Meadows</city>
<county>Cook</county>
<state>IL</state>
<zip>60008</zip>
</ROW>
<ROW>
<first_name>Britt</first_name>
<last_name>Galam</last_name>
<city>Hatfield</city>
<county>Montgomery</county>
<state>PA</state>
<zip>19440</zip>
</ROW>
<ROW>
<first_name>Adell</first_name>
<last_name>Lipkin</last_name>
<city>Whippany</city>
<county>Morris</county>
<state>NJ</state>
<zip>7981</zip>
</ROW>
<ROW>
<first_name>Jacqueline</first_name>
<last_name>Rowling</last_name>
<city>Erie</city>
<county>Erie</county>
<state>PA</state>
<zip>16501</zip>
</ROW>
<ROW>
<first_name>Lonny</first_name>
<last_name>Weglarz</last_name>
<city>Salt Lake City</city>
<county>Salt Lake</county>
<state>UT</state>
<zip>84115</zip>
</ROW>
<ROW>
<first_name>Lonna</first_name>
<last_name>Diestel</last_name>
<city>Fayetteville</city>
<county>Cumberland</county>
<state>NC</state>
<zip>28301</zip>
</ROW>
<ROW>
<first_name>Cristal</first_name>
<last_name>Samara</last_name>
<city>Los Angeles</city>
<county>Los Angeles</county>
<state>CA</state>
<zip>90021</zip>
</ROW>
<ROW>
<first_name>Kenneth</first_name>
<last_name>Grenet</last_name>
<city>East Lansing</city>
<county>Ingham</county>
<state>MI</state>
<zip>48823</zip>
</ROW>
<ROW>
<first_name>Elli</first_name>
<last_name>Mclaird</last_name>
<city>Utica</city>
<county>Oneida</county>
<state>NY</state>
<zip>13501</zip>
</ROW>
<ROW>
<first_name>Alline</first_name>
<last_name>Jeanty</last_name>
<city>South Bend</city>
<county>St Joseph</county>
<state>IN</state>
<zip>46601</zip>
</ROW>
<ROW>
<first_name>Sharika</first_name>
<last_name>Eanes</last_name>
<city>Orlando</city>
<county>Orange</county>
<state>FL</state>
<zip>32806</zip>
</ROW>
<ROW>
<first_name>Nu</first_name>
<last_name>Mcnease</last_name>
<city>Harrison</city>
<county>Hudson</county>
<state>NJ</state>
<zip>7029</zip>
</ROW>
<ROW>
<first_name>Daniela</first_name>
<last_name>Comnick</last_name>
<city>Trenton</city>
<county>Mercer</county>
<state>NJ</state>
<zip>8611</zip>
</ROW>
<ROW>
<first_name>Cecilia</first_name>
<last_name>Colaizzo</last_name>
<city>Madison</city>
<county>Dane</county>
<state>WI</state>
<zip>53717</zip>
</ROW>
<ROW>
<first_name>Leslie</first_name>
<last_name>Threets</last_name>
<city>Katonah</city>
<county>Westchester</county>
<state>NY</state>
<zip>10536</zip>
</ROW>
<ROW>
<first_name>Nan</first_name>
<last_name>Koppinger</last_name>
<city>Greensboro</city>
<county>Guilford</county>
<state>NC</state>
<zip>27401</zip>
</ROW>
<ROW>
<first_name>Izetta</first_name>
<last_name>Dewar</last_name>
<city>Baltimore</city>
<county>Baltimore City</county>
<state>MD</state>
<zip>21217</zip>
</ROW>
<ROW>
<first_name>Tegan</first_name>
<last_name>Arceo</last_name>
<city>Monroe Township</city>
<county>Middlesex</county>
<state>NJ</state>
<zip>8831</zip>
</ROW>
<ROW>
<first_name>Ruthann</first_name>
<last_name>Keener</last_name>
<city>Kerrville</city>
<county>Kerr</county>
<state>TX</state>
<zip>78028</zip>
</ROW>
<ROW>
<first_name>Joni</first_name>
<last_name>Breland</last_name>
<city>Elk Grove Village</city>
<county>Cook</county>
<state>IL</state>
<zip>60007</zip>
</ROW>
<ROW>
<first_name>Vi</first_name>
<last_name>Rentfro</last_name>
<city>Freehold</city>
<county>Monmouth</county>
<state>NJ</state>
<zip>7728</zip>
</ROW>
<ROW>
<first_name>Colette</first_name>
<last_name>Kardas</last_name>
<city>Omaha</city>
<county>Douglas</county>
<state>NE</state>
<zip>68124</zip>
</ROW>
<ROW>
<first_name>Malcolm</first_name>
<last_name>Tromblay</last_name>
<city>Annandale</city>
<county>Fairfax</county>
<state>VA</state>
<zip>22003</zip>
</ROW>
<ROW>
<first_name>Ryan</first_name>
<last_name>Harnos</last_name>
<city>Plano</city>
<county>Collin</county>
<state>TX</state>
<zip>75075</zip>
</ROW>
<ROW>
<first_name>Jess</first_name>
<last_name>Chaffins</last_name>
<city>New York</city>
<county>New York</county>
<state>NY</state>
<zip>10016</zip>
</ROW>
<ROW>
<first_name>Sharen</first_name>
<last_name>Bourbon</last_name>
<city>Syosset</city>
<county>Nassau</county>
<state>NY</state>
<zip>11791</zip>
</ROW>
<ROW>
<first_name>Nickolas</first_name>
<last_name>Juvera</last_name>
<city>Crystal River</city>
<county>Citrus</county>
<state>FL</state>
<zip>34429</zip>
</ROW>
<ROW>
<first_name>Gary</first_name>
<last_name>Nunlee</last_name>
<city>Fortville</city>
<county>Hancock</county>
<state>IN</state>
<zip>46040</zip>
</ROW>
<ROW>
<first_name>Diane</first_name>
<last_name>Devreese</last_name>
<city>Saint Joseph</city>
<county>Buchanan</county>
<state>MO</state>
<zip>64504</zip>
</ROW>
<ROW>
<first_name>Roslyn</first_name>
<last_name>Chavous</last_name>
<city>Jackson</city>
<county>Hinds</county>
<state>MS</state>
<zip>39211</zip>
</ROW>
<ROW>
<first_name>Glory</first_name>
<last_name>Schieler</last_name>
<city>Abilene</city>
<county>Taylor</county>
<state>TX</state>
<zip>79602</zip>
</ROW>
<ROW>
<first_name>Rasheeda</first_name>
<last_name>Sayaphon</last_name>
<city>Saratoga</city>
<county>Santa Clara</county>
<state>CA</state>
<zip>95070</zip>
</ROW>
<ROW>
<first_name>Alpha</first_name>
<last_name>Palaia</last_name>
<city>Cherry Hill</city>
<county>Camden</county>
<state>NJ</state>
<zip>8003</zip>
</ROW>
<ROW>
<first_name>Refugia</first_name>
<last_name>Jacobos</last_name>
<city>Hayward</city>
<county>Alameda</county>
<state>CA</state>
<zip>94545</zip>
</ROW>
<ROW>
<first_name>Shawnda</first_name>
<last_name>Yori</last_name>
<city>Longwood</city>
<county>Seminole</county>
<state>FL</state>
<zip>32750</zip>
</ROW>
<ROW>
<first_name>Mona</first_name>
<last_name>Delasancha</last_name>
<city>Cheyenne</city>
<county>Laramie</county>
<state>WY</state>
<zip>82001</zip>
</ROW>
<ROW>
<first_name>Gilma</first_name>
<last_name>Liukko</last_name>
<city>Garden City</city>
<county>Nassau</county>
<state>NY</state>
<zip>11530</zip>
</ROW>
<ROW>
<first_name>Janey</first_name>
<last_name>Gabisi</last_name>
<city>Madison</city>
<county>Dane</county>
<state>WI</state>
<zip>53715</zip>
</ROW>
<ROW>
<first_name>Lili</first_name>
<last_name>Paskin</last_name>
<city>Kearny</city>
<county>Hudson</county>
<state>NJ</state>
<zip>7032</zip>
</ROW>
<ROW>
<first_name>Loren</first_name>
<last_name>Asar</last_name>
<city>Old Forge</city>
<county>Lackawanna</county>
<state>PA</state>
<zip>18518</zip>
</ROW>
<ROW>
<first_name>Dorothy</first_name>
<last_name>Chesterfield</last_name>
<city>San Diego</city>
<county>San Diego</county>
<state>CA</state>
<zip>92126</zip>
</ROW>
<ROW>
<first_name>Gail</first_name>
<last_name>Similton</last_name>
<city>Thousand Palms</city>
<county>Riverside</county>
<state>CA</state>
<zip>92276</zip>
</ROW>
<ROW>
<first_name>Catalina</first_name>
<last_name>Tillotson</last_name>
<city>Margate City</city>
<county>Atlantic</county>
<state>NJ</state>
<zip>8402</zip>
</ROW>
<ROW>
<first_name>Lawrence</first_name>
<last_name>Lorens</last_name>
<city>Providence</city>
<county>Providence</county>
<state>RI</state>
<zip>2906</zip>
</ROW>
<ROW>
<first_name>Carlee</first_name>
<last_name>Boulter</last_name>
<city>Abilene</city>
<county>Dickinson</county>
<state>KS</state>
<zip>67410</zip>
</ROW>
<ROW>
<first_name>Thaddeus</first_name>
<last_name>Ankeny</last_name>
<city>Roseville</city>
<county>Placer</county>
<state>CA</state>
<zip>95678</zip>
</ROW>
<ROW>
<first_name>Jovita</first_name>
<last_name>Oles</last_name>
<city>Daytona Beach</city>
<county>Volusia</county>
<state>FL</state>
<zip>32114</zip>
</ROW>
<ROW>
<first_name>Alesia</first_name>
<last_name>Hixenbaugh</last_name>
<city>Washington</city>
<county>District of Columbia</county>
<state>DC</state>
<zip>20001</zip>
</ROW>
<ROW>
<first_name>Lai</first_name>
<last_name>Harabedian</last_name>
<city>Novato</city>
<county>Marin</county>
<state>CA</state>
<zip>94945</zip>
</ROW>
<ROW>
<first_name>Brittni</first_name>
<last_name>Gillaspie</last_name>
<city>Boise</city>
<county>Ada</county>
<state>ID</state>
<zip>83709</zip>
</ROW>
<ROW>
<first_name>Raylene</first_name>
<last_name>Kampa</last_name>
<city>Elkhart</city>
<county>Elkhart</county>
<state>IN</state>
<zip>46514</zip>
</ROW>
<ROW>
<first_name>Flo</first_name>
<last_name>Bookamer</last_name>
<city>Alliance</city>
<county>Box Butte</county>
<state>NE</state>
<zip>69301</zip>
</ROW>
<ROW>
<first_name>Jani</first_name>
<last_name>Biddy</last_name>
<city>Seattle</city>
<county>King</county>
<state>WA</state>
<zip>98104</zip>
</ROW>
<ROW>
<first_name>Chauncey</first_name>
<last_name>Motley</last_name>
<city>Orlando</city>
<county>Orange</county>
<state>FL</state>
<zip>32804</zip>
</ROW>
</ROWSET>